/workspace/wp5/mcts/bin_packing/train.py:65: PydanticDeprecatedSince20: Support for class-based `config` is deprecated, use ConfigDict instead. Deprecated in Pydantic V2.0 to be removed in V3.0. See Pydantic V2 Migration Guide at https://errors.pydantic.dev/2.12/migration/
  class Config(BaseModel):
wandb: Tracking run with wandb version 0.25.1
wandb: W&B syncing is set to `offline` in this directory. Run `wandb online` or set WANDB_MODE=online to enable cloud syncing.
wandb: Run data is saved locally in /workspace/wandb/offline-run-20260312_173636-7ql5s2r4
/workspace/wp5/mcts/bin_packing/train.py:370: DeprecationWarning: jax.device_put_replicated is deprecated; use jax.device_put instead.
  params, opt_state = jax.device_put_replicated((params, opt_state), devices)
max_items=32 min_item_size=0.3 max_item_size=0.7 seed=0 max_num_iters=400 hidden_size=192 depth=12 num_heads=3 selfplay_batch_size=512 num_simulations=64 max_num_steps=32 training_batch_size=128 learning_rate=0.001 weight_decay=0.01 eval_interval=5
{'iteration': 0, 'hours': 0.0, 'frames': 0}
{'iteration': 1, 'train/policy_loss': 1.815869246609509, 'train/value_loss': 60.4954084220808, 'hours': 0.042658287617895335, 'frames': 16384, 'eval/model_optimality_ratio': 0.4084649980068207, 'eval/greedy_optimality_ratio': 0.90996915102005, 'eval/improvement_vs_greedy': -0.5015041828155518}
{'iteration': 2, 'train/policy_loss': 1.3924998966977, 'train/value_loss': 0.3296108153881505, 'hours': 0.06576268984211815, 'frames': 32768, 'eval/model_optimality_ratio': 0.40647587180137634, 'eval/greedy_optimality_ratio': 0.9072769284248352, 'eval/improvement_vs_greedy': -0.5008010268211365}
{'iteration': 3, 'train/policy_loss': 1.174886069726199, 'train/value_loss': 0.5334698802325875, 'hours': 0.08248887234263949, 'frames': 49152, 'eval/model_optimality_ratio': 0.8803257346153259, 'eval/greedy_optimality_ratio': 0.9110118746757507, 'eval/improvement_vs_greedy': -0.030686162412166595}
{'iteration': 4, 'train/policy_loss': 1.0180416172370315, 'train/value_loss': 0.4676876949961297, 'hours': 0.09926840934488508, 'frames': 65536, 'eval/model_optimality_ratio': 0.7854360342025757, 'eval/greedy_optimality_ratio': 0.9065887928009033, 'eval/improvement_vs_greedy': -0.12115276604890823}
{'iteration': 5, 'train/policy_loss': 0.8599152807146311, 'train/value_loss': 0.39276988472556695, 'hours': 0.11598681469758351, 'frames': 81920}
{'iteration': 6, 'train/policy_loss': 0.9745880602858961, 'train/value_loss': 0.4875998641946353, 'hours': 0.13267229464319016, 'frames': 98304, 'eval/model_optimality_ratio': 0.8948428630828857, 'eval/greedy_optimality_ratio': 0.9080280065536499, 'eval/improvement_vs_greedy': -0.01318514347076416}
{'iteration': 7, 'train/policy_loss': 0.9552607834339142, 'train/value_loss': 0.37307197804329917, 'hours': 0.14938433362378015, 'frames': 114688, 'eval/model_optimality_ratio': 0.8848628401756287, 'eval/greedy_optimality_ratio': 0.9044455289840698, 'eval/improvement_vs_greedy': -0.019582651555538177}
{'iteration': 8, 'train/policy_loss': 0.9631144674494863, 'train/value_loss': 0.4024535180651583, 'hours': 0.16604843470785352, 'frames': 131072, 'eval/model_optimality_ratio': 0.8844738602638245, 'eval/greedy_optimality_ratio': 0.9079409241676331, 'eval/improvement_vs_greedy': -0.023467034101486206}
{'iteration': 9, 'train/policy_loss': 0.7730984552763402, 'train/value_loss': 0.25010355305857956, 'hours': 0.18275009579128687, 'frames': 147456, 'eval/model_optimality_ratio': 0.9022907018661499, 'eval/greedy_optimality_ratio': 0.9160649180412292, 'eval/improvement_vs_greedy': -0.013774262741208076}
{'iteration': 10, 'train/policy_loss': 0.732624267693609, 'train/value_loss': 0.28897792124189436, 'hours': 0.1995580235454771, 'frames': 163840}
{'iteration': 11, 'train/policy_loss': 0.6026849714107811, 'train/value_loss': 0.18813420648803003, 'hours': 0.21626030637158286, 'frames': 180224, 'eval/model_optimality_ratio': 0.899318516254425, 'eval/greedy_optimality_ratio': 0.9092316627502441, 'eval/improvement_vs_greedy': -0.009913144633173943}
{'iteration': 12, 'train/policy_loss': 0.8987760995514691, 'train/value_loss': 0.19318007657420821, 'hours': 0.23289640380276572, 'frames': 196608, 'eval/model_optimality_ratio': 0.8973596096038818, 'eval/greedy_optimality_ratio': 0.9075987935066223, 'eval/improvement_vs_greedy': -0.010239174589514732}
{'iteration': 13, 'train/policy_loss': 0.7366174533963203, 'train/value_loss': 0.1826316895603668, 'hours': 0.24960513863298625, 'frames': 212992, 'eval/model_optimality_ratio': 0.8983863592147827, 'eval/greedy_optimality_ratio': 0.9103770852088928, 'eval/improvement_vs_greedy': -0.011990685015916824}
{'iteration': 14, 'train/policy_loss': 0.708291370421648, 'train/value_loss': 0.2418118090427015, 'hours': 0.2663278498252233, 'frames': 229376, 'eval/model_optimality_ratio': 0.9055271744728088, 'eval/greedy_optimality_ratio': 0.9101670980453491, 'eval/improvement_vs_greedy': -0.004639964085072279}
{'iteration': 15, 'train/policy_loss': 0.7313051312230527, 'train/value_loss': 0.1586285043740645, 'hours': 0.2830274408393436, 'frames': 245760}
{'iteration': 16, 'train/policy_loss': 0.7427936722524464, 'train/value_loss': 0.187841541308444, 'hours': 0.2997513422701094, 'frames': 262144, 'eval/model_optimality_ratio': 0.9017939567565918, 'eval/greedy_optimality_ratio': 0.9066059589385986, 'eval/improvement_vs_greedy': -0.00481195654720068}
{'iteration': 17, 'train/policy_loss': 0.8168600243516266, 'train/value_loss': 0.12123259587679058, 'hours': 0.3164096950160133, 'frames': 278528, 'eval/model_optimality_ratio': 0.9051331281661987, 'eval/greedy_optimality_ratio': 0.9147462248802185, 'eval/improvement_vs_greedy': -0.00961305946111679}
{'iteration': 18, 'train/policy_loss': 0.6858461634255946, 'train/value_loss': 0.12590832498972304, 'hours': 0.33310880906052065, 'frames': 294912, 'eval/model_optimality_ratio': 0.8809677362442017, 'eval/greedy_optimality_ratio': 0.9093170762062073, 'eval/improvement_vs_greedy': -0.02834935300052166}
{'iteration': 19, 'train/policy_loss': 0.7403532108291984, 'train/value_loss': 0.158615238731727, 'hours': 0.3498381830586328, 'frames': 311296, 'eval/model_optimality_ratio': 0.8785295486450195, 'eval/greedy_optimality_ratio': 0.9098414778709412, 'eval/improvement_vs_greedy': -0.03131193295121193}
{'iteration': 20, 'train/policy_loss': 0.6947759678587317, 'train/value_loss': 0.1086946202267427, 'hours': 0.3665400542815527, 'frames': 327680}
{'iteration': 21, 'train/policy_loss': 0.7579298573546112, 'train/value_loss': 0.12649712813436054, 'hours': 0.38316748274697204, 'frames': 344064, 'eval/model_optimality_ratio': 0.8577289581298828, 'eval/greedy_optimality_ratio': 0.9063201546669006, 'eval/improvement_vs_greedy': -0.048591241240501404}
{'iteration': 22, 'train/policy_loss': 0.7608618587255478, 'train/value_loss': 0.1265479066350963, 'hours': 0.39983586238490215, 'frames': 360448, 'eval/model_optimality_ratio': 0.9208067655563354, 'eval/greedy_optimality_ratio': 0.9119493365287781, 'eval/improvement_vs_greedy': 0.008857387118041515}
{'iteration': 23, 'train/policy_loss': 0.7876416500657797, 'train/value_loss': 0.12288071401417255, 'hours': 0.41660003172026744, 'frames': 376832, 'eval/model_optimality_ratio': 0.8392412662506104, 'eval/greedy_optimality_ratio': 0.9103736877441406, 'eval/improvement_vs_greedy': -0.07113243639469147}
{'iteration': 24, 'train/policy_loss': 0.6071829749271274, 'train/value_loss': 0.1544821897696238, 'hours': 0.43330966651439673, 'frames': 393216, 'eval/model_optimality_ratio': 0.9082344770431519, 'eval/greedy_optimality_ratio': 0.9102989435195923, 'eval/improvement_vs_greedy': -0.0020644846372306347}
{'iteration': 25, 'train/policy_loss': 0.730458224657923, 'train/value_loss': 0.08517385640880093, 'hours': 0.45005272514290284, 'frames': 409600}
{'iteration': 26, 'train/policy_loss': 0.68636001390405, 'train/value_loss': 0.129177874623565, 'hours': 0.4666584302319421, 'frames': 425984, 'eval/model_optimality_ratio': 0.8927363157272339, 'eval/greedy_optimality_ratio': 0.9076944589614868, 'eval/improvement_vs_greedy': -0.014958140440285206}
{'iteration': 27, 'train/policy_loss': 0.7082626107148826, 'train/value_loss': 0.11490661068819463, 'hours': 0.483336635960473, 'frames': 442368, 'eval/model_optimality_ratio': 0.894837498664856, 'eval/greedy_optimality_ratio': 0.905761182308197, 'eval/improvement_vs_greedy': -0.010923651047050953}
{'iteration': 28, 'train/policy_loss': 0.7343744449317455, 'train/value_loss': 0.10405549930874258, 'hours': 0.49998714652326376, 'frames': 458752, 'eval/model_optimality_ratio': 0.8903847932815552, 'eval/greedy_optimality_ratio': 0.9087861776351929, 'eval/improvement_vs_greedy': -0.01840142533183098}
{'iteration': 29, 'train/policy_loss': 0.7715661595575511, 'train/value_loss': 0.11402498022653162, 'hours': 0.5166196989350849, 'frames': 475136, 'eval/model_optimality_ratio': 0.8975875377655029, 'eval/greedy_optimality_ratio': 0.9095479846000671, 'eval/improvement_vs_greedy': -0.011960450559854507}
{'iteration': 30, 'train/policy_loss': 1.6922217225655913, 'train/value_loss': 86.1322789437836, 'hours': 0.5334396266937256, 'frames': 491520}
{'iteration': 31, 'train/policy_loss': 1.9357836470007896, 'train/value_loss': 2.587618339341134, 'hours': 0.5500552095307244, 'frames': 507904, 'eval/model_optimality_ratio': 0.4089479148387909, 'eval/greedy_optimality_ratio': 0.9086123108863831, 'eval/improvement_vs_greedy': -0.4996643364429474}
{'iteration': 32, 'train/policy_loss': 1.2906974921934307, 'train/value_loss': 1.217397210886702, 'hours': 0.5667196320825153, 'frames': 524288, 'eval/model_optimality_ratio': 0.4107605814933777, 'eval/greedy_optimality_ratio': 0.912255048751831, 'eval/improvement_vs_greedy': -0.5014944672584534}
{'iteration': 33, 'train/policy_loss': 1.143910596612841, 'train/value_loss': 3.508510028477758, 'hours': 0.5833869971169365, 'frames': 540672, 'eval/model_optimality_ratio': 0.4093482494354248, 'eval/greedy_optimality_ratio': 0.909669041633606, 'eval/improvement_vs_greedy': -0.5003207921981812}
{'iteration': 34, 'train/policy_loss': 1.0363068245351315, 'train/value_loss': 1.5384151411708444, 'hours': 0.6000956477059258, 'frames': 557056, 'eval/model_optimality_ratio': 0.40595415234565735, 'eval/greedy_optimality_ratio': 0.9076523184776306, 'eval/improvement_vs_greedy': -0.5016981363296509}
{'iteration': 35, 'train/policy_loss': 0.9895073571242392, 'train/value_loss': 0.4718913483666256, 'hours': 0.6167937958240509, 'frames': 573440}
{'iteration': 36, 'train/policy_loss': 1.0289121139794588, 'train/value_loss': 0.40899804537184536, 'hours': 0.6336192901266946, 'frames': 589824, 'eval/model_optimality_ratio': 0.41231006383895874, 'eval/greedy_optimality_ratio': 0.9143154621124268, 'eval/improvement_vs_greedy': -0.5020053386688232}
{'iteration': 37, 'train/policy_loss': 1.0162640810012817, 'train/value_loss': 0.4854805141221732, 'hours': 0.650343089501063, 'frames': 606208, 'eval/model_optimality_ratio': 0.40873485803604126, 'eval/greedy_optimality_ratio': 0.9102286100387573, 'eval/improvement_vs_greedy': -0.5014936923980713}
{'iteration': 38, 'train/policy_loss': 1.2036378644406796, 'train/value_loss': 0.5389151556883007, 'hours': 0.6670273680157132, 'frames': 622592, 'eval/model_optimality_ratio': 0.4163139760494232, 'eval/greedy_optimality_ratio': 0.9168906807899475, 'eval/improvement_vs_greedy': -0.5005767345428467}
{'iteration': 39, 'train/policy_loss': 0.9924080236814916, 'train/value_loss': 0.2772379608359188, 'hours': 0.6837010615401797, 'frames': 638976, 'eval/model_optimality_ratio': 0.4078525900840759, 'eval/greedy_optimality_ratio': 0.9084241390228271, 'eval/improvement_vs_greedy': -0.5005714893341064}
{'iteration': 40, 'train/policy_loss': 1.1248620338737965, 'train/value_loss': 3.7918822579085827, 'hours': 0.700354688167572, 'frames': 655360}
{'iteration': 41, 'train/policy_loss': 1.0752232978120446, 'train/value_loss': 2.7001556302420795, 'hours': 0.7170530833800633, 'frames': 671744, 'eval/model_optimality_ratio': 0.4103294014930725, 'eval/greedy_optimality_ratio': 0.9104304909706116, 'eval/improvement_vs_greedy': -0.5001010894775391}
{'iteration': 42, 'train/policy_loss': 0.9885451775044203, 'train/value_loss': 2.6978340353816748, 'hours': 0.7337195090452829, 'frames': 688128, 'eval/model_optimality_ratio': 0.4116716980934143, 'eval/greedy_optimality_ratio': 0.9122917056083679, 'eval/improvement_vs_greedy': -0.5006199479103088}
{'iteration': 43, 'train/policy_loss': 0.9405372235924006, 'train/value_loss': 0.46418793650809675, 'hours': 0.750510609878434, 'frames': 704512, 'eval/model_optimality_ratio': 0.41532862186431885, 'eval/greedy_optimality_ratio': 0.9112184047698975, 'eval/improvement_vs_greedy': -0.4958897829055786}
{'iteration': 44, 'train/policy_loss': 0.9686620263382792, 'train/value_loss': 0.22928476793458685, 'hours': 0.7671458060211604, 'frames': 720896, 'eval/model_optimality_ratio': 0.4808054268360138, 'eval/greedy_optimality_ratio': 0.9031699895858765, 'eval/improvement_vs_greedy': -0.42236459255218506}
{'iteration': 45, 'train/policy_loss': 0.949217292945832, 'train/value_loss': 0.1688518209848553, 'hours': 0.7838807790809207, 'frames': 737280}
{'iteration': 46, 'train/policy_loss': 0.9486204199492931, 'train/value_loss': 0.4607014775974676, 'hours': 0.800594111416075, 'frames': 753664, 'eval/model_optimality_ratio': 0.591773509979248, 'eval/greedy_optimality_ratio': 0.9098416566848755, 'eval/improvement_vs_greedy': -0.31806814670562744}
{'iteration': 47, 'train/policy_loss': 0.9181873286142945, 'train/value_loss': 0.1600096873298753, 'hours': 0.8173063483503129, 'frames': 770048, 'eval/model_optimality_ratio': 0.5324952602386475, 'eval/greedy_optimality_ratio': 0.9107447862625122, 'eval/improvement_vs_greedy': -0.37824952602386475}
{'iteration': 48, 'train/policy_loss': 0.9270820105448365, 'train/value_loss': 0.14452914643334225, 'hours': 0.833980303009351, 'frames': 786432, 'eval/model_optimality_ratio': 0.5480048060417175, 'eval/greedy_optimality_ratio': 0.9083024263381958, 'eval/improvement_vs_greedy': -0.3602975308895111}
{'iteration': 49, 'train/policy_loss': 0.9305314207449555, 'train/value_loss': 0.14693050796631724, 'hours': 0.8507730352216296, 'frames': 802816, 'eval/model_optimality_ratio': 0.5255929231643677, 'eval/greedy_optimality_ratio': 0.90442955493927, 'eval/improvement_vs_greedy': -0.37883663177490234}
{'iteration': 50, 'train/policy_loss': 0.8782075908966362, 'train/value_loss': 0.2142715190711897, 'hours': 0.8674881433778339, 'frames': 819200}
{'iteration': 51, 'train/policy_loss': 0.90162259247154, 'train/value_loss': 0.1250908838410396, 'hours': 0.8842060149378247, 'frames': 835584, 'eval/model_optimality_ratio': 0.6854562759399414, 'eval/greedy_optimality_ratio': 0.9098401665687561, 'eval/improvement_vs_greedy': -0.22438383102416992}
{'iteration': 52, 'train/policy_loss': 0.9360084049403667, 'train/value_loss': 0.12601440146681853, 'hours': 0.9009353331724803, 'frames': 851968, 'eval/model_optimality_ratio': 0.43837055563926697, 'eval/greedy_optimality_ratio': 0.9097921252250671, 'eval/improvement_vs_greedy': -0.4714215397834778}
{'iteration': 53, 'train/policy_loss': 0.9268867671489716, 'train/value_loss': 0.11001571489032358, 'hours': 0.9176376201709112, 'frames': 868352, 'eval/model_optimality_ratio': 0.6040024757385254, 'eval/greedy_optimality_ratio': 0.9068569540977478, 'eval/improvement_vs_greedy': -0.3028545081615448}
{'iteration': 54, 'train/policy_loss': 1.378809118643403, 'train/value_loss': 8.518125352857169, 'hours': 0.9343383895026314, 'frames': 884736, 'eval/model_optimality_ratio': 0.41344088315963745, 'eval/greedy_optimality_ratio': 0.9126893877983093, 'eval/improvement_vs_greedy': -0.4992485046386719}
{'iteration': 55, 'train/policy_loss': 1.208881052210927, 'train/value_loss': 3.59958632173948, 'hours': 0.9509622322188485, 'frames': 901120}
{'iteration': 56, 'train/policy_loss': 0.9777606283314526, 'train/value_loss': 0.8220172713045031, 'hours': 0.9677710586786271, 'frames': 917504, 'eval/model_optimality_ratio': 0.4034839868545532, 'eval/greedy_optimality_ratio': 0.9072266817092896, 'eval/improvement_vs_greedy': -0.5037425756454468}
{'iteration': 57, 'train/policy_loss': 0.9275792744010687, 'train/value_loss': 0.2199738691560924, 'hours': 0.9844484612676834, 'frames': 933888, 'eval/model_optimality_ratio': 0.40513378381729126, 'eval/greedy_optimality_ratio': 0.9070603847503662, 'eval/improvement_vs_greedy': -0.5019265413284302}
{'iteration': 58, 'train/policy_loss': 0.96974714146927, 'train/value_loss': 0.19237598509062082, 'hours': 1.0010977907313243, 'frames': 950272, 'eval/model_optimality_ratio': 0.40960681438446045, 'eval/greedy_optimality_ratio': 0.9112334251403809, 'eval/improvement_vs_greedy': -0.5016265511512756}
{'iteration': 59, 'train/policy_loss': 0.9657638627104461, 'train/value_loss': 0.17304297618102282, 'hours': 1.0177628411187067, 'frames': 966656, 'eval/model_optimality_ratio': 0.41175419092178345, 'eval/greedy_optimality_ratio': 0.9115676283836365, 'eval/improvement_vs_greedy': -0.499813437461853}
{'iteration': 60, 'train/policy_loss': 0.9683528970927, 'train/value_loss': 0.15798655193066224, 'hours': 1.0344264844391082, 'frames': 983040}
{'iteration': 61, 'train/policy_loss': 0.9817253639921546, 'train/value_loss': 0.14851243799785152, 'hours': 1.0510582806666693, 'frames': 999424, 'eval/model_optimality_ratio': 0.4053940773010254, 'eval/greedy_optimality_ratio': 0.905826985836029, 'eval/improvement_vs_greedy': -0.5004328489303589}
{'iteration': 62, 'train/policy_loss': 0.9725084463134408, 'train/value_loss': 0.16566880187019706, 'hours': 1.0677193464173211, 'frames': 1015808, 'eval/model_optimality_ratio': 0.41585516929626465, 'eval/greedy_optimality_ratio': 0.9067342877388, 'eval/improvement_vs_greedy': -0.4908791184425354}
{'iteration': 63, 'train/policy_loss': 0.9643952916376293, 'train/value_loss': 0.15321873204084113, 'hours': 1.0844791175259485, 'frames': 1032192, 'eval/model_optimality_ratio': 0.47854501008987427, 'eval/greedy_optimality_ratio': 0.9070016145706177, 'eval/improvement_vs_greedy': -0.4284566342830658}
{'iteration': 64, 'train/policy_loss': 0.9385316986590624, 'train/value_loss': 0.16451783914817497, 'hours': 1.1010847495661842, 'frames': 1048576, 'eval/model_optimality_ratio': 0.6123278737068176, 'eval/greedy_optimality_ratio': 0.9133301377296448, 'eval/improvement_vs_greedy': -0.3010022044181824}
{'iteration': 65, 'train/policy_loss': 0.9180052927695215, 'train/value_loss': 0.19850409211358055, 'hours': 1.1177466495831807, 'frames': 1064960}
{'iteration': 66, 'train/policy_loss': 0.8651480521075428, 'train/value_loss': 0.2387925239163451, 'hours': 1.1344289981656603, 'frames': 1081344, 'eval/model_optimality_ratio': 0.43500375747680664, 'eval/greedy_optimality_ratio': 0.9106138944625854, 'eval/improvement_vs_greedy': -0.4756101369857788}
{'iteration': 67, 'train/policy_loss': 0.8979864255525172, 'train/value_loss': 0.14996092452201992, 'hours': 1.151088230676121, 'frames': 1097728, 'eval/model_optimality_ratio': 0.4263734221458435, 'eval/greedy_optimality_ratio': 0.9191418290138245, 'eval/improvement_vs_greedy': -0.49276837706565857}
{'iteration': 68, 'train/policy_loss': 0.9495359943248332, 'train/value_loss': 0.1367298240074888, 'hours': 1.1677130708429546, 'frames': 1114112, 'eval/model_optimality_ratio': 0.47460129857063293, 'eval/greedy_optimality_ratio': 0.9081088900566101, 'eval/improvement_vs_greedy': -0.4335075318813324}
{'iteration': 69, 'train/policy_loss': 0.8415185725316405, 'train/value_loss': 0.18562762351939455, 'hours': 1.1844752331574755, 'frames': 1130496, 'eval/model_optimality_ratio': 0.5283927917480469, 'eval/greedy_optimality_ratio': 0.9064407348632812, 'eval/improvement_vs_greedy': -0.3780478835105896}
{'iteration': 70, 'train/policy_loss': 0.8884981465525925, 'train/value_loss': 0.1555140932323411, 'hours': 1.20115227566825, 'frames': 1146880}
{'iteration': 71, 'train/policy_loss': 0.8499577040784061, 'train/value_loss': 0.13710235053440556, 'hours': 1.2178168306085797, 'frames': 1163264, 'eval/model_optimality_ratio': 0.5124262571334839, 'eval/greedy_optimality_ratio': 0.9042690992355347, 'eval/improvement_vs_greedy': -0.3918428421020508}
{'iteration': 72, 'train/policy_loss': 0.7916481592692435, 'train/value_loss': 0.15313966380199417, 'hours': 1.234526156319512, 'frames': 1179648, 'eval/model_optimality_ratio': 0.5403555631637573, 'eval/greedy_optimality_ratio': 0.9001235961914062, 'eval/improvement_vs_greedy': -0.3597679138183594}
{'iteration': 73, 'train/policy_loss': 0.9492649077437818, 'train/value_loss': 0.12532472878228873, 'hours': 1.251186583969328, 'frames': 1196032, 'eval/model_optimality_ratio': 0.5396581888198853, 'eval/greedy_optimality_ratio': 0.9094069004058838, 'eval/improvement_vs_greedy': -0.369748592376709}
{'iteration': 74, 'train/policy_loss': 0.892919369507581, 'train/value_loss': 0.14076871468569152, 'hours': 1.2678340546290077, 'frames': 1212416, 'eval/model_optimality_ratio': 0.5436331033706665, 'eval/greedy_optimality_ratio': 0.9069857597351074, 'eval/improvement_vs_greedy': -0.3633526563644409}
{'iteration': 75, 'train/policy_loss': 0.9308450473472476, 'train/value_loss': 0.1291641767602414, 'hours': 1.2845088730918033, 'frames': 1228800}
{'iteration': 76, 'train/policy_loss': 0.9089143443852663, 'train/value_loss': 0.14991721365367994, 'hours': 1.3012663032611207, 'frames': 1245184, 'eval/model_optimality_ratio': 0.562048077583313, 'eval/greedy_optimality_ratio': 0.9086771011352539, 'eval/improvement_vs_greedy': -0.3466290235519409}
{'iteration': 77, 'train/policy_loss': 0.8909224667586386, 'train/value_loss': 0.13140207290416583, 'hours': 1.3179364313681916, 'frames': 1261568, 'eval/model_optimality_ratio': 0.5574414730072021, 'eval/greedy_optimality_ratio': 0.9063568115234375, 'eval/improvement_vs_greedy': -0.3489153981208801}
{'iteration': 78, 'train/policy_loss': 0.8448622762225568, 'train/value_loss': 0.12759523672866635, 'hours': 1.3346163734462522, 'frames': 1277952, 'eval/model_optimality_ratio': 0.527805745601654, 'eval/greedy_optimality_ratio': 0.9111982583999634, 'eval/improvement_vs_greedy': -0.3833925127983093}
{'iteration': 79, 'train/policy_loss': 0.9060914032161236, 'train/value_loss': 0.0969419437169563, 'hours': 1.3512617848316824, 'frames': 1294336, 'eval/model_optimality_ratio': 0.7132726907730103, 'eval/greedy_optimality_ratio': 0.9135589003562927, 'eval/improvement_vs_greedy': -0.2002861499786377}
{'iteration': 80, 'train/policy_loss': 0.8930195067077875, 'train/value_loss': 0.11163707173545845, 'hours': 1.3679363583856154, 'frames': 1310720}
{'iteration': 81, 'train/policy_loss': 0.8397421333938837, 'train/value_loss': 0.18740772621822543, 'hours': 1.3846469901667697, 'frames': 1327104, 'eval/model_optimality_ratio': 0.6202898025512695, 'eval/greedy_optimality_ratio': 0.9157347083091736, 'eval/improvement_vs_greedy': -0.29544493556022644}
{'iteration': 82, 'train/policy_loss': 0.8940577232278883, 'train/value_loss': 0.09204525174573064, 'hours': 1.4014123927222355, 'frames': 1343488, 'eval/model_optimality_ratio': 0.7369217276573181, 'eval/greedy_optimality_ratio': 0.9043553471565247, 'eval/improvement_vs_greedy': -0.16743364930152893}
{'iteration': 83, 'train/policy_loss': 0.8637313176877797, 'train/value_loss': 0.1224021288799122, 'hours': 1.4180457368824215, 'frames': 1359872, 'eval/model_optimality_ratio': 0.5945042371749878, 'eval/greedy_optimality_ratio': 0.908380389213562, 'eval/improvement_vs_greedy': -0.31387609243392944}
{'iteration': 84, 'train/policy_loss': 0.8856964432634413, 'train/value_loss': 0.12675789289642125, 'hours': 1.4346745633416704, 'frames': 1376256, 'eval/model_optimality_ratio': 0.7655882835388184, 'eval/greedy_optimality_ratio': 0.9110488891601562, 'eval/improvement_vs_greedy': -0.14546070992946625}
{'iteration': 85, 'train/policy_loss': 0.8414906607940793, 'train/value_loss': 0.09144249936798587, 'hours': 1.451331170135074, 'frames': 1392640}
{'iteration': 86, 'train/policy_loss': 0.8252787287347019, 'train/value_loss': 0.09793332820117939, 'hours': 1.4680049723386763, 'frames': 1409024, 'eval/model_optimality_ratio': 0.8044528365135193, 'eval/greedy_optimality_ratio': 0.9111802577972412, 'eval/improvement_vs_greedy': -0.10672740638256073}
{'iteration': 87, 'train/policy_loss': 0.9086527400650084, 'train/value_loss': 0.1136772645986639, 'hours': 1.484662242664231, 'frames': 1425408, 'eval/model_optimality_ratio': 0.8243512511253357, 'eval/greedy_optimality_ratio': 0.9158262014389038, 'eval/improvement_vs_greedy': -0.09147493541240692}
{'iteration': 88, 'train/policy_loss': 0.8493070979602635, 'train/value_loss': 0.10357913284678943, 'hours': 1.5013169203201928, 'frames': 1441792, 'eval/model_optimality_ratio': 0.78377366065979, 'eval/greedy_optimality_ratio': 0.9124250411987305, 'eval/improvement_vs_greedy': -0.12865141034126282}
{'iteration': 89, 'train/policy_loss': 0.8070688168518245, 'train/value_loss': 0.11610019244835712, 'hours': 1.5180998484293617, 'frames': 1458176, 'eval/model_optimality_ratio': 0.782761812210083, 'eval/greedy_optimality_ratio': 0.9083393812179565, 'eval/improvement_vs_greedy': -0.12557756900787354}
{'iteration': 90, 'train/policy_loss': 0.8799554747529328, 'train/value_loss': 0.09539947198936716, 'hours': 1.5347074597411683, 'frames': 1474560}
{'iteration': 91, 'train/policy_loss': 0.9245959548279643, 'train/value_loss': 10.2063761211175, 'hours': 1.551378332575162, 'frames': 1490944, 'eval/model_optimality_ratio': 0.518479585647583, 'eval/greedy_optimality_ratio': 0.9076699614524841, 'eval/improvement_vs_greedy': -0.3891903758049011}
{'iteration': 92, 'train/policy_loss': 0.9554303106851876, 'train/value_loss': 3.656294676475227, 'hours': 1.5680723724100323, 'frames': 1507328, 'eval/model_optimality_ratio': 0.4093536138534546, 'eval/greedy_optimality_ratio': 0.9105009436607361, 'eval/improvement_vs_greedy': -0.5011472702026367}
{'iteration': 93, 'train/policy_loss': 0.9416404259391129, 'train/value_loss': 0.29510810459032655, 'hours': 1.5847535361184013, 'frames': 1523712, 'eval/model_optimality_ratio': 0.6195513010025024, 'eval/greedy_optimality_ratio': 0.913591742515564, 'eval/improvement_vs_greedy': -0.2940404713153839}
{'iteration': 94, 'train/policy_loss': 0.9251461918465793, 'train/value_loss': 0.1824980632518418, 'hours': 1.6014739280276826, 'frames': 1540096, 'eval/model_optimality_ratio': 0.6654492616653442, 'eval/greedy_optimality_ratio': 0.9082332253456116, 'eval/improvement_vs_greedy': -0.24278391897678375}
{'iteration': 95, 'train/policy_loss': 0.8155663423240185, 'train/value_loss': 0.17454736906802282, 'hours': 1.6182773766915002, 'frames': 1556480}
{'iteration': 96, 'train/policy_loss': 0.8760501840151846, 'train/value_loss': 0.16741863929200917, 'hours': 1.6349466253651512, 'frames': 1572864, 'eval/model_optimality_ratio': 0.7049506902694702, 'eval/greedy_optimality_ratio': 0.9071986675262451, 'eval/improvement_vs_greedy': -0.2022479921579361}
{'iteration': 97, 'train/policy_loss': 0.7929461621679366, 'train/value_loss': 0.16816503158770502, 'hours': 1.65163882639673, 'frames': 1589248, 'eval/model_optimality_ratio': 0.7528132200241089, 'eval/greedy_optimality_ratio': 0.910065770149231, 'eval/improvement_vs_greedy': -0.15725252032279968}
{'iteration': 98, 'train/policy_loss': 0.8176340186037123, 'train/value_loss': 0.16946229396853596, 'hours': 1.6683590074380237, 'frames': 1605632, 'eval/model_optimality_ratio': 0.6397372484207153, 'eval/greedy_optimality_ratio': 0.908290684223175, 'eval/improvement_vs_greedy': -0.2685534358024597}
{'iteration': 99, 'train/policy_loss': 0.7411369094625115, 'train/value_loss': 0.1464541113236919, 'hours': 1.6850518157747054, 'frames': 1622016, 'eval/model_optimality_ratio': 0.8140122890472412, 'eval/greedy_optimality_ratio': 0.9121190905570984, 'eval/improvement_vs_greedy': -0.09810681641101837}
{'iteration': 100, 'train/policy_loss': 0.7927280445583165, 'train/value_loss': 0.14975934714311734, 'hours': 1.7017439964082504, 'frames': 1638400}
{'iteration': 101, 'train/policy_loss': 0.7936867661774158, 'train/value_loss': 0.17220420838566497, 'hours': 1.718479329148928, 'frames': 1654784, 'eval/model_optimality_ratio': 0.8136953711509705, 'eval/greedy_optimality_ratio': 0.9071324467658997, 'eval/improvement_vs_greedy': -0.09343705326318741}
{'iteration': 102, 'train/policy_loss': 0.7722154622897506, 'train/value_loss': 0.15648834186140448, 'hours': 1.735319920579592, 'frames': 1671168, 'eval/model_optimality_ratio': 0.8612390160560608, 'eval/greedy_optimality_ratio': 0.9087013006210327, 'eval/improvement_vs_greedy': -0.047462254762649536}
{'iteration': 103, 'train/policy_loss': 0.8051301301456988, 'train/value_loss': 0.12131183873862028, 'hours': 1.7519741312662755, 'frames': 1687552, 'eval/model_optimality_ratio': 0.8550395965576172, 'eval/greedy_optimality_ratio': 0.9110279083251953, 'eval/improvement_vs_greedy': -0.05598828196525574}
{'iteration': 104, 'train/policy_loss': 0.7925723064690828, 'train/value_loss': 0.14096119638998061, 'hours': 1.7686246190468464, 'frames': 1703936, 'eval/model_optimality_ratio': 0.848180890083313, 'eval/greedy_optimality_ratio': 0.9142415523529053, 'eval/improvement_vs_greedy': -0.06606066226959229}
{'iteration': 105, 'train/policy_loss': 0.7382438676431775, 'train/value_loss': 0.15465886367019266, 'hours': 1.7852579638030788, 'frames': 1720320}
{'iteration': 106, 'train/policy_loss': 0.7386019467376173, 'train/value_loss': 0.12597167791682296, 'hours': 1.8019459980726236, 'frames': 1736704, 'eval/model_optimality_ratio': 0.8413786888122559, 'eval/greedy_optimality_ratio': 0.9065204858779907, 'eval/improvement_vs_greedy': -0.06514181196689606}
{'iteration': 107, 'train/policy_loss': 0.7682723733596504, 'train/value_loss': 0.11929226713255048, 'hours': 1.818656888008117, 'frames': 1753088, 'eval/model_optimality_ratio': 0.7177051305770874, 'eval/greedy_optimality_ratio': 0.9154528379440308, 'eval/improvement_vs_greedy': -0.19774773716926575}
{'iteration': 108, 'train/policy_loss': 0.7530747335404158, 'train/value_loss': 0.11998715775553137, 'hours': 1.8354668332470783, 'frames': 1769472, 'eval/model_optimality_ratio': 0.8802264928817749, 'eval/greedy_optimality_ratio': 0.9094624519348145, 'eval/improvement_vs_greedy': -0.02923598140478134}
{'iteration': 109, 'train/policy_loss': 0.7414252865128219, 'train/value_loss': 0.12342210987117141, 'hours': 1.8521701557106436, 'frames': 1785856, 'eval/model_optimality_ratio': 0.8669140338897705, 'eval/greedy_optimality_ratio': 0.9117746949195862, 'eval/improvement_vs_greedy': -0.04486071318387985}
{'iteration': 110, 'train/policy_loss': 0.7616324536502361, 'train/value_loss': 0.13550842387485318, 'hours': 1.8688565425078068, 'frames': 1802240}
{'iteration': 111, 'train/policy_loss': 0.8100041993893683, 'train/value_loss': 0.14168959943344817, 'hours': 1.8855605341990782, 'frames': 1818624, 'eval/model_optimality_ratio': 0.8292250037193298, 'eval/greedy_optimality_ratio': 0.9064280390739441, 'eval/improvement_vs_greedy': -0.07720306515693665}
{'iteration': 112, 'train/policy_loss': 0.7534836619161069, 'train/value_loss': 0.1258181801531464, 'hours': 1.9022455184327225, 'frames': 1835008, 'eval/model_optimality_ratio': 0.884312629699707, 'eval/greedy_optimality_ratio': 0.9130479097366333, 'eval/improvement_vs_greedy': -0.028735315427184105}
{'iteration': 113, 'train/policy_loss': 0.7810424803756177, 'train/value_loss': 0.10588828087202273, 'hours': 1.9189225822687141, 'frames': 1851392, 'eval/model_optimality_ratio': 0.8364245891571045, 'eval/greedy_optimality_ratio': 0.9132222533226013, 'eval/improvement_vs_greedy': -0.07679766416549683}
{'iteration': 114, 'train/policy_loss': 0.7833622628822923, 'train/value_loss': 0.10654928020085208, 'hours': 1.9355774046977354, 'frames': 1867776, 'eval/model_optimality_ratio': 0.8915819525718689, 'eval/greedy_optimality_ratio': 0.9094212055206299, 'eval/improvement_vs_greedy': -0.01783919706940651}
{'iteration': 115, 'train/policy_loss': 0.7280391771346331, 'train/value_loss': 0.10549360522418283, 'hours': 1.9524008687337233, 'frames': 1884160}
{'iteration': 116, 'train/policy_loss': 0.7558677736669779, 'train/value_loss': 0.1158679194340948, 'hours': 1.9691097739670005, 'frames': 1900544, 'eval/model_optimality_ratio': 0.8551863431930542, 'eval/greedy_optimality_ratio': 0.90864497423172, 'eval/improvement_vs_greedy': -0.053458668291568756}
{'iteration': 117, 'train/policy_loss': 0.6744728875346482, 'train/value_loss': 0.11039450427051634, 'hours': 1.9858458342154814, 'frames': 1916928, 'eval/model_optimality_ratio': 0.9119033813476562, 'eval/greedy_optimality_ratio': 0.9096646308898926, 'eval/improvement_vs_greedy': 0.002238692482933402}
{'iteration': 118, 'train/policy_loss': 0.7623900868929923, 'train/value_loss': 0.11829335248330608, 'hours': 2.0025251702467592, 'frames': 1933312, 'eval/model_optimality_ratio': 0.8713002800941467, 'eval/greedy_optimality_ratio': 0.9047906398773193, 'eval/improvement_vs_greedy': -0.03349035233259201}
{'iteration': 119, 'train/policy_loss': 0.6963366568088531, 'train/value_loss': 0.10330332748708315, 'hours': 2.0192401693264634, 'frames': 1949696, 'eval/model_optimality_ratio': 0.8896901607513428, 'eval/greedy_optimality_ratio': 0.908193051815033, 'eval/improvement_vs_greedy': -0.018502971157431602}
{'iteration': 120, 'train/policy_loss': 0.6896560229361057, 'train/value_loss': 0.11991755309281871, 'hours': 2.035915388663609, 'frames': 1966080}
{'iteration': 121, 'train/policy_loss': 0.7120315916836262, 'train/value_loss': 0.12425841804360971, 'hours': 2.052627247373262, 'frames': 1982464, 'eval/model_optimality_ratio': 0.8866920471191406, 'eval/greedy_optimality_ratio': 0.9045798778533936, 'eval/improvement_vs_greedy': -0.01788780279457569}
{'iteration': 122, 'train/policy_loss': 0.7105504118371755, 'train/value_loss': 0.10417780029820278, 'hours': 2.069451554550064, 'frames': 1998848, 'eval/model_optimality_ratio': 0.8559845685958862, 'eval/greedy_optimality_ratio': 0.9128459692001343, 'eval/improvement_vs_greedy': -0.05686140060424805}
{'iteration': 123, 'train/policy_loss': 0.6787462565116584, 'train/value_loss': 0.10041056355112232, 'hours': 2.0860696966780545, 'frames': 2015232, 'eval/model_optimality_ratio': 0.8972936868667603, 'eval/greedy_optimality_ratio': 0.9108620285987854, 'eval/improvement_vs_greedy': -0.013568343594670296}
{'iteration': 124, 'train/policy_loss': 0.6471921256743371, 'train/value_loss': 0.11363402000279166, 'hours': 2.1027483975887287, 'frames': 2031616, 'eval/model_optimality_ratio': 0.8648641109466553, 'eval/greedy_optimality_ratio': 0.9110684990882874, 'eval/improvement_vs_greedy': -0.046204399317502975}
{'iteration': 125, 'train/policy_loss': 0.6644979631528258, 'train/value_loss': 0.10819607568555512, 'hours': 2.11940187897947, 'frames': 2048000}
{'iteration': 126, 'train/policy_loss': 0.7391072292812169, 'train/value_loss': 0.13058721733978018, 'hours': 2.1360479536321417, 'frames': 2064384, 'eval/model_optimality_ratio': 0.8902455568313599, 'eval/greedy_optimality_ratio': 0.9048330783843994, 'eval/improvement_vs_greedy': -0.014587543904781342}
{'iteration': 127, 'train/policy_loss': 0.6263064171653241, 'train/value_loss': 0.10498512350022793, 'hours': 2.1527667729722118, 'frames': 2080768, 'eval/model_optimality_ratio': 0.8896496891975403, 'eval/greedy_optimality_ratio': 0.9101856350898743, 'eval/improvement_vs_greedy': -0.020535923540592194}
{'iteration': 128, 'train/policy_loss': 0.6785964299924672, 'train/value_loss': 0.08520071933162399, 'hours': 2.1695607015159384, 'frames': 2097152, 'eval/model_optimality_ratio': 0.8929610848426819, 'eval/greedy_optimality_ratio': 0.9092804193496704, 'eval/improvement_vs_greedy': -0.01631932519376278}
{'iteration': 129, 'train/policy_loss': 0.6979609415866435, 'train/value_loss': 0.09786965150851756, 'hours': 2.1862299025058736, 'frames': 2113536, 'eval/model_optimality_ratio': 0.9002417325973511, 'eval/greedy_optimality_ratio': 0.9077484011650085, 'eval/improvement_vs_greedy': -0.007506682071834803}
{'iteration': 130, 'train/policy_loss': 0.7424306031316519, 'train/value_loss': 0.10878701414912939, 'hours': 2.2028686341312187, 'frames': 2129920}
{'iteration': 131, 'train/policy_loss': 0.7344584413804114, 'train/value_loss': 0.09695473447209224, 'hours': 2.219569994343651, 'frames': 2146304, 'eval/model_optimality_ratio': 0.8955127596855164, 'eval/greedy_optimality_ratio': 0.9125258922576904, 'eval/improvement_vs_greedy': -0.017013095319271088}
{'iteration': 132, 'train/policy_loss': 0.7216652208007872, 'train/value_loss': 0.10549836797872558, 'hours': 2.2362557261519953, 'frames': 2162688, 'eval/model_optimality_ratio': 0.8830835819244385, 'eval/greedy_optimality_ratio': 0.9099447727203369, 'eval/improvement_vs_greedy': -0.026861263439059258}
{'iteration': 133, 'train/policy_loss': 0.6934477253817022, 'train/value_loss': 0.10400155710522085, 'hours': 2.2529572061697634, 'frames': 2179072, 'eval/model_optimality_ratio': 0.9045385718345642, 'eval/greedy_optimality_ratio': 0.9152872562408447, 'eval/improvement_vs_greedy': -0.010748717933893204}
{'iteration': 134, 'train/policy_loss': 0.7177825607359409, 'train/value_loss': 0.10491879127221182, 'hours': 2.2696735708581066, 'frames': 2195456, 'eval/model_optimality_ratio': 0.9004347324371338, 'eval/greedy_optimality_ratio': 0.9108624458312988, 'eval/improvement_vs_greedy': -0.01042773388326168}
{'iteration': 135, 'train/policy_loss': 0.7946757473982871, 'train/value_loss': 0.10651905229315162, 'hours': 2.2864488395055123, 'frames': 2211840}
{'iteration': 136, 'train/policy_loss': 0.6929850759916008, 'train/value_loss': 0.09059643725049682, 'hours': 2.3030758917331684, 'frames': 2228224, 'eval/model_optimality_ratio': 0.8574442863464355, 'eval/greedy_optimality_ratio': 0.9110277891159058, 'eval/improvement_vs_greedy': -0.053583499044179916}
{'iteration': 137, 'train/policy_loss': 0.6519878897815943, 'train/value_loss': 0.08995153263094835, 'hours': 2.3197623355521086, 'frames': 2244608, 'eval/model_optimality_ratio': 0.8931170701980591, 'eval/greedy_optimality_ratio': 0.9153907299041748, 'eval/improvement_vs_greedy': -0.0222735945135355}
{'iteration': 138, 'train/policy_loss': 0.6822068644687533, 'train/value_loss': 0.12097096454817802, 'hours': 2.336513903538385, 'frames': 2260992, 'eval/model_optimality_ratio': 0.8974100351333618, 'eval/greedy_optimality_ratio': 0.9096217751502991, 'eval/improvement_vs_greedy': -0.012211684137582779}
{'iteration': 139, 'train/policy_loss': 0.6973084742203355, 'train/value_loss': 0.09643910054001026, 'hours': 2.353179240160517, 'frames': 2277376, 'eval/model_optimality_ratio': 0.8969616889953613, 'eval/greedy_optimality_ratio': 0.9137393832206726, 'eval/improvement_vs_greedy': -0.01677774265408516}
{'iteration': 140, 'train/policy_loss': 0.7013214412145317, 'train/value_loss': 0.09783153602620587, 'hours': 2.3699134498172327, 'frames': 2293760}
{'iteration': 141, 'train/policy_loss': 0.7278075274080038, 'train/value_loss': 0.08934353923541494, 'hours': 2.3867732170555316, 'frames': 2310144, 'eval/model_optimality_ratio': 0.8693602681159973, 'eval/greedy_optimality_ratio': 0.9106338620185852, 'eval/improvement_vs_greedy': -0.041273582726716995}
{'iteration': 142, 'train/policy_loss': 0.6482357096392661, 'train/value_loss': 0.08605518800322898, 'hours': 2.403475740949312, 'frames': 2326528, 'eval/model_optimality_ratio': 0.8840522766113281, 'eval/greedy_optimality_ratio': 0.9095088243484497, 'eval/improvement_vs_greedy': -0.025456519797444344}
{'iteration': 143, 'train/policy_loss': 0.6432573040947318, 'train/value_loss': 0.09406411214149557, 'hours': 2.420162570807668, 'frames': 2342912, 'eval/model_optimality_ratio': 0.8975199460983276, 'eval/greedy_optimality_ratio': 0.9099814891815186, 'eval/improvement_vs_greedy': -0.01246159803122282}
{'iteration': 144, 'train/policy_loss': 0.6621671880129725, 'train/value_loss': 0.08366946890600957, 'hours': 2.4368592903349127, 'frames': 2359296, 'eval/model_optimality_ratio': 0.864808201789856, 'eval/greedy_optimality_ratio': 0.9106180667877197, 'eval/improvement_vs_greedy': -0.04580985754728317}
{'iteration': 145, 'train/policy_loss': 0.6686551230959594, 'train/value_loss': 0.09181941515998915, 'hours': 2.453511551883485, 'frames': 2375680}
{'iteration': 146, 'train/policy_loss': 0.8565429127775133, 'train/value_loss': 0.14960303029511124, 'hours': 2.4702649819850917, 'frames': 2392064, 'eval/model_optimality_ratio': 0.9184780120849609, 'eval/greedy_optimality_ratio': 0.9062663316726685, 'eval/improvement_vs_greedy': 0.012211630120873451}
{'iteration': 147, 'train/policy_loss': 0.72132104402408, 'train/value_loss': 0.08560471326927654, 'hours': 2.48690011050966, 'frames': 2408448, 'eval/model_optimality_ratio': 0.8956782817840576, 'eval/greedy_optimality_ratio': 0.9065262675285339, 'eval/improvement_vs_greedy': -0.010847944766283035}
{'iteration': 148, 'train/policy_loss': 0.7005805317312479, 'train/value_loss': 0.09036868394468911, 'hours': 2.5036515749163093, 'frames': 2424832, 'eval/model_optimality_ratio': 0.9081529974937439, 'eval/greedy_optimality_ratio': 0.9106993675231934, 'eval/improvement_vs_greedy': -0.002546359319239855}
{'iteration': 149, 'train/policy_loss': 0.7148179430514574, 'train/value_loss': 0.0949522947485093, 'hours': 2.5203326468997527, 'frames': 2441216, 'eval/model_optimality_ratio': 0.8861546516418457, 'eval/greedy_optimality_ratio': 0.9130110740661621, 'eval/improvement_vs_greedy': -0.0268563125282526}
{'iteration': 150, 'train/policy_loss': 0.6380058880895376, 'train/value_loss': 0.07334307150449604, 'hours': 2.537001472446653, 'frames': 2457600}
{'iteration': 151, 'train/policy_loss': 0.7069468437694013, 'train/value_loss': 0.0849934816651512, 'hours': 2.553639545573128, 'frames': 2473984, 'eval/model_optimality_ratio': 0.8994629383087158, 'eval/greedy_optimality_ratio': 0.9103177189826965, 'eval/improvement_vs_greedy': -0.010854765772819519}
{'iteration': 152, 'train/policy_loss': 0.7410129802301526, 'train/value_loss': 0.0980259541538544, 'hours': 2.5703251343965525, 'frames': 2490368, 'eval/model_optimality_ratio': 0.8864661455154419, 'eval/greedy_optimality_ratio': 0.9091095924377441, 'eval/improvement_vs_greedy': -0.022643452510237694}
{'iteration': 153, 'train/policy_loss': 0.7718830299563706, 'train/value_loss': 0.09703328556497581, 'hours': 2.587005336946911, 'frames': 2506752, 'eval/model_optimality_ratio': 0.9117323160171509, 'eval/greedy_optimality_ratio': 0.9095295667648315, 'eval/improvement_vs_greedy': 0.002202722243964672}
{'iteration': 154, 'train/policy_loss': 0.7168500013649464, 'train/value_loss': 0.08561244769953191, 'hours': 2.60379994518227, 'frames': 2523136, 'eval/model_optimality_ratio': 0.9040312767028809, 'eval/greedy_optimality_ratio': 0.9095293283462524, 'eval/improvement_vs_greedy': -0.005498048849403858}
{'iteration': 155, 'train/policy_loss': 0.7024726755917072, 'train/value_loss': 0.09495946916285902, 'hours': 2.6204950815439223, 'frames': 2539520}
{'iteration': 156, 'train/policy_loss': 0.6432607395108789, 'train/value_loss': 0.07776855007978156, 'hours': 2.6372138475047215, 'frames': 2555904, 'eval/model_optimality_ratio': 0.8937215209007263, 'eval/greedy_optimality_ratio': 0.9048814177513123, 'eval/improvement_vs_greedy': -0.011159862391650677}
{'iteration': 157, 'train/policy_loss': 0.612977348966524, 'train/value_loss': 0.0753261417557951, 'hours': 2.653907986283302, 'frames': 2572288, 'eval/model_optimality_ratio': 0.8962214589118958, 'eval/greedy_optimality_ratio': 0.9081709980964661, 'eval/improvement_vs_greedy': -0.011949548497796059}
{'iteration': 158, 'train/policy_loss': 0.7162748035043478, 'train/value_loss': 0.09073287856881507, 'hours': 2.6706052233775455, 'frames': 2588672, 'eval/model_optimality_ratio': 0.9022892713546753, 'eval/greedy_optimality_ratio': 0.9037125110626221, 'eval/improvement_vs_greedy': -0.001423241919837892}
{'iteration': 159, 'train/policy_loss': 0.6648964611813426, 'train/value_loss': 0.09486016651499085, 'hours': 2.6873138772779037, 'frames': 2605056, 'eval/model_optimality_ratio': 0.8823282718658447, 'eval/greedy_optimality_ratio': 0.9172614812850952, 'eval/improvement_vs_greedy': -0.034933216869831085}
{'iteration': 160, 'train/policy_loss': 0.7394202621653676, 'train/value_loss': 0.08865224377950653, 'hours': 2.703978749579853, 'frames': 2621440}
{'iteration': 161, 'train/policy_loss': 0.7239908366464078, 'train/value_loss': 0.09634468494914472, 'hours': 2.7208129998710415, 'frames': 2637824, 'eval/model_optimality_ratio': 0.9124804735183716, 'eval/greedy_optimality_ratio': 0.9100286960601807, 'eval/improvement_vs_greedy': 0.002451735781505704}
{'iteration': 162, 'train/policy_loss': 0.8287973394617438, 'train/value_loss': 0.11360279019572772, 'hours': 2.737516724467277, 'frames': 2654208, 'eval/model_optimality_ratio': 0.8621208667755127, 'eval/greedy_optimality_ratio': 0.9113844633102417, 'eval/improvement_vs_greedy': -0.049263544380664825}
{'iteration': 163, 'train/policy_loss': 0.6803327614907175, 'train/value_loss': 0.11300594676868059, 'hours': 2.754190473357836, 'frames': 2670592, 'eval/model_optimality_ratio': 0.9010738134384155, 'eval/greedy_optimality_ratio': 0.9098492860794067, 'eval/improvement_vs_greedy': -0.00877547450363636}
{'iteration': 164, 'train/policy_loss': 0.7032453860156238, 'train/value_loss': 0.12440540676470846, 'hours': 2.770886637700928, 'frames': 2686976, 'eval/model_optimality_ratio': 0.8964715003967285, 'eval/greedy_optimality_ratio': 0.9086774587631226, 'eval/improvement_vs_greedy': -0.01220597792416811}
{'iteration': 165, 'train/policy_loss': 0.773075491655618, 'train/value_loss': 0.10372593314968981, 'hours': 2.787551645305421, 'frames': 2703360}
{'iteration': 166, 'train/policy_loss': 0.8719741986133158, 'train/value_loss': 0.0978985431138426, 'hours': 2.80426991144816, 'frames': 2719744, 'eval/model_optimality_ratio': 0.8965108394622803, 'eval/greedy_optimality_ratio': 0.9083967804908752, 'eval/improvement_vs_greedy': -0.011885946616530418}
{'iteration': 167, 'train/policy_loss': 0.8405888448469341, 'train/value_loss': 0.08389011895633303, 'hours': 2.8210220930311407, 'frames': 2736128, 'eval/model_optimality_ratio': 0.8937740325927734, 'eval/greedy_optimality_ratio': 0.9087380170822144, 'eval/improvement_vs_greedy': -0.014963922090828419}
{'iteration': 168, 'train/policy_loss': 0.7187180195469409, 'train/value_loss': 0.09236741901258938, 'hours': 2.83770169450177, 'frames': 2752512, 'eval/model_optimality_ratio': 0.91815584897995, 'eval/greedy_optimality_ratio': 0.9106345176696777, 'eval/improvement_vs_greedy': 0.007521313615143299}
{'iteration': 169, 'train/policy_loss': 0.7362787686288357, 'train/value_loss': 0.08975740394089371, 'hours': 2.8543288930257154, 'frames': 2768896, 'eval/model_optimality_ratio': 0.9186726808547974, 'eval/greedy_optimality_ratio': 0.9070636034011841, 'eval/improvement_vs_greedy': 0.01160907931625843}
{'iteration': 170, 'train/policy_loss': 0.7860579062253237, 'train/value_loss': 0.08352444341289811, 'hours': 2.8709476935201215, 'frames': 2785280}
{'iteration': 171, 'train/policy_loss': 0.8412252240814269, 'train/value_loss': 0.07879550821962766, 'hours': 2.887537435293197, 'frames': 2801664, 'eval/model_optimality_ratio': 0.9341834187507629, 'eval/greedy_optimality_ratio': 0.9106444716453552, 'eval/improvement_vs_greedy': 0.023538947105407715}
{'iteration': 172, 'train/policy_loss': 0.843419058714062, 'train/value_loss': 0.08515161744435318, 'hours': 2.9041916208797027, 'frames': 2818048, 'eval/model_optimality_ratio': 0.8948476314544678, 'eval/greedy_optimality_ratio': 0.9138596057891846, 'eval/improvement_vs_greedy': -0.01901194453239441}
{'iteration': 173, 'train/policy_loss': 0.6889279852621257, 'train/value_loss': 0.0854100844298955, 'hours': 2.920842252373695, 'frames': 2834432, 'eval/model_optimality_ratio': 0.8792221546173096, 'eval/greedy_optimality_ratio': 0.907763659954071, 'eval/improvement_vs_greedy': -0.028541529551148415}
{'iteration': 174, 'train/policy_loss': 0.8604275956749916, 'train/value_loss': 0.10403331083944067, 'hours': 2.9375923328267204, 'frames': 2850816, 'eval/model_optimality_ratio': 0.9229151010513306, 'eval/greedy_optimality_ratio': 0.91246098279953, 'eval/improvement_vs_greedy': 0.010454182513058186}
{'iteration': 175, 'train/policy_loss': 0.813171002548188, 'train/value_loss': 0.09409957355819643, 'hours': 2.954175573322508, 'frames': 2867200}
{'iteration': 176, 'train/policy_loss': 0.869376131799072, 'train/value_loss': 0.07596573256887496, 'hours': 2.9708327704668043, 'frames': 2883584, 'eval/model_optimality_ratio': 0.9247097969055176, 'eval/greedy_optimality_ratio': 0.9104424715042114, 'eval/improvement_vs_greedy': 0.014267314225435257}
{'iteration': 177, 'train/policy_loss': 0.7876110207289457, 'train/value_loss': 0.07927987619768828, 'hours': 2.987482749819755, 'frames': 2899968, 'eval/model_optimality_ratio': 0.9089490175247192, 'eval/greedy_optimality_ratio': 0.9053242206573486, 'eval/improvement_vs_greedy': 0.0036248681135475636}
{'iteration': 178, 'train/policy_loss': 0.8319414504803717, 'train/value_loss': 0.06010294781299308, 'hours': 3.004112460348341, 'frames': 2916352, 'eval/model_optimality_ratio': 0.9309817552566528, 'eval/greedy_optimality_ratio': 0.9068094491958618, 'eval/improvement_vs_greedy': 0.024172281846404076}
{'iteration': 179, 'train/policy_loss': 0.8472417611628771, 'train/value_loss': 0.10421137878438458, 'hours': 3.0207709787289296, 'frames': 2932736, 'eval/model_optimality_ratio': 0.9194438457489014, 'eval/greedy_optimality_ratio': 0.9122995734214783, 'eval/improvement_vs_greedy': 0.007144230417907238}
{'iteration': 180, 'train/policy_loss': 0.7496550311334431, 'train/value_loss': 0.06164484529290348, 'hours': 3.03750888314512, 'frames': 2949120}
{'iteration': 181, 'train/policy_loss': 0.7175289802253246, 'train/value_loss': 0.07865599953220226, 'hours': 3.0541501235299635, 'frames': 2965504, 'eval/model_optimality_ratio': 0.9292433261871338, 'eval/greedy_optimality_ratio': 0.9083288908004761, 'eval/improvement_vs_greedy': 0.020914442837238312}
{'iteration': 182, 'train/policy_loss': 0.9734377162531018, 'train/value_loss': 0.09087717434158549, 'hours': 3.0707677568991976, 'frames': 2981888, 'eval/model_optimality_ratio': 0.8905783891677856, 'eval/greedy_optimality_ratio': 0.9019672870635986, 'eval/improvement_vs_greedy': -0.011388950049877167}
{'iteration': 183, 'train/policy_loss': 0.8407587488181889, 'train/value_loss': 0.07606777807814069, 'hours': 3.0874403099219, 'frames': 2998272, 'eval/model_optimality_ratio': 0.9224568605422974, 'eval/greedy_optimality_ratio': 0.906782865524292, 'eval/improvement_vs_greedy': 0.01567399874329567}
{'iteration': 184, 'train/policy_loss': 0.8012476395815611, 'train/value_loss': 0.07984288965235464, 'hours': 3.10409735487567, 'frames': 3014656, 'eval/model_optimality_ratio': 0.8791881799697876, 'eval/greedy_optimality_ratio': 0.9123305082321167, 'eval/improvement_vs_greedy': -0.033142250031232834}
{'iteration': 185, 'train/policy_loss': 0.6731120012700558, 'train/value_loss': 0.06406197600881569, 'hours': 3.1207418020566298, 'frames': 3031040}
{'iteration': 186, 'train/policy_loss': 0.7492464897222817, 'train/value_loss': 0.056112469668732956, 'hours': 3.1374242289861036, 'frames': 3047424, 'eval/model_optimality_ratio': 0.9291503429412842, 'eval/greedy_optimality_ratio': 0.9120223522186279, 'eval/improvement_vs_greedy': 0.01712796464562416}
{'iteration': 187, 'train/policy_loss': 0.8183457162231207, 'train/value_loss': 0.07687455098493956, 'hours': 3.1541168018844385, 'frames': 3063808, 'eval/model_optimality_ratio': 0.8881399035453796, 'eval/greedy_optimality_ratio': 0.906447172164917, 'eval/improvement_vs_greedy': -0.018307285383343697}
{'iteration': 188, 'train/policy_loss': 0.6628160132095218, 'train/value_loss': 0.0646437332034111, 'hours': 3.1707769531011576, 'frames': 3080192, 'eval/model_optimality_ratio': 0.918298602104187, 'eval/greedy_optimality_ratio': 0.9125080108642578, 'eval/improvement_vs_greedy': 0.005790574010461569}
{'iteration': 189, 'train/policy_loss': 0.8997766626998782, 'train/value_loss': 0.06922479298373219, 'hours': 3.1873642286989416, 'frames': 3096576, 'eval/model_optimality_ratio': 0.9444406032562256, 'eval/greedy_optimality_ratio': 0.9118226766586304, 'eval/improvement_vs_greedy': 0.032617926597595215}
{'iteration': 190, 'train/policy_loss': 0.9906224082224071, 'train/value_loss': 0.06033077561005484, 'hours': 3.2039275498522644, 'frames': 3112960}
{'iteration': 191, 'train/policy_loss': 0.8866492481902242, 'train/value_loss': 0.0517707345134113, 'hours': 3.2205678218603127, 'frames': 3129344, 'eval/model_optimality_ratio': 0.9150246381759644, 'eval/greedy_optimality_ratio': 0.9140031337738037, 'eval/improvement_vs_greedy': 0.0010215981164947152}
{'iteration': 192, 'train/policy_loss': 0.8663359633646905, 'train/value_loss': 0.05161256062274333, 'hours': 3.237223634388711, 'frames': 3145728, 'eval/model_optimality_ratio': 0.9347561597824097, 'eval/greedy_optimality_ratio': 0.9111627340316772, 'eval/improvement_vs_greedy': 0.02359345741569996}
{'iteration': 193, 'train/policy_loss': 0.8198016728274524, 'train/value_loss': 0.07119277253514156, 'hours': 3.2538344545496827, 'frames': 3162112, 'eval/model_optimality_ratio': 0.936434268951416, 'eval/greedy_optimality_ratio': 0.9098032116889954, 'eval/improvement_vs_greedy': 0.026631087064743042}
{'iteration': 194, 'train/policy_loss': 0.8021120284684002, 'train/value_loss': 0.07908786012558267, 'hours': 3.2706147050857535, 'frames': 3178496, 'eval/model_optimality_ratio': 0.9088314175605774, 'eval/greedy_optimality_ratio': 0.9105900526046753, 'eval/improvement_vs_greedy': -0.001758610364049673}
{'iteration': 195, 'train/policy_loss': 0.7410407499410212, 'train/value_loss': 0.0774654052220285, 'hours': 3.2872079222069837, 'frames': 3194880}
{'iteration': 196, 'train/policy_loss': 0.811699481215328, 'train/value_loss': 0.05128166340000462, 'hours': 3.30384994122717, 'frames': 3211264, 'eval/model_optimality_ratio': 0.9346376657485962, 'eval/greedy_optimality_ratio': 0.9121751189231873, 'eval/improvement_vs_greedy': 0.022462565451860428}
{'iteration': 197, 'train/policy_loss': 0.818113268353045, 'train/value_loss': 0.05640811123885214, 'hours': 3.3204459277126515, 'frames': 3227648, 'eval/model_optimality_ratio': 0.9335265159606934, 'eval/greedy_optimality_ratio': 0.9079991579055786, 'eval/improvement_vs_greedy': 0.025527440011501312}
{'iteration': 198, 'train/policy_loss': 0.7434545792639256, 'train/value_loss': 0.06069452085648663, 'hours': 3.3371184706687917, 'frames': 3244032, 'eval/model_optimality_ratio': 0.9385626316070557, 'eval/greedy_optimality_ratio': 0.9100833535194397, 'eval/improvement_vs_greedy': 0.028479285538196564}
{'iteration': 199, 'train/policy_loss': 0.6855195141397417, 'train/value_loss': 0.07710190399666317, 'hours': 3.3537618514564294, 'frames': 3260416, 'eval/model_optimality_ratio': 0.9235866665840149, 'eval/greedy_optimality_ratio': 0.9104796648025513, 'eval/improvement_vs_greedy': 0.013106970116496086}
{'iteration': 200, 'train/policy_loss': 0.7642356981523335, 'train/value_loss': 0.07071943776099943, 'hours': 3.370511610507964, 'frames': 3276800}
{'iteration': 201, 'train/policy_loss': 0.7580425278283656, 'train/value_loss': 0.06484953977633268, 'hours': 3.38717827187644, 'frames': 3293184, 'eval/model_optimality_ratio': 0.928276777267456, 'eval/greedy_optimality_ratio': 0.9081017374992371, 'eval/improvement_vs_greedy': 0.020175082609057426}
{'iteration': 202, 'train/policy_loss': 0.8600848857313395, 'train/value_loss': 0.06699326526722871, 'hours': 3.403805717958343, 'frames': 3309568, 'eval/model_optimality_ratio': 0.9338564872741699, 'eval/greedy_optimality_ratio': 0.911837100982666, 'eval/improvement_vs_greedy': 0.022019416093826294}
{'iteration': 203, 'train/policy_loss': 0.7621329394169152, 'train/value_loss': 0.06452773060300387, 'hours': 3.4204330969519074, 'frames': 3325952, 'eval/model_optimality_ratio': 0.9240525960922241, 'eval/greedy_optimality_ratio': 0.9128626585006714, 'eval/improvement_vs_greedy': 0.011189982295036316}
{'iteration': 204, 'train/policy_loss': 0.8442341308109462, 'train/value_loss': 0.050923241637065075, 'hours': 3.437043040394782, 'frames': 3342336, 'eval/model_optimality_ratio': 0.9356968402862549, 'eval/greedy_optimality_ratio': 0.914094090461731, 'eval/improvement_vs_greedy': 0.021602749824523926}
{'iteration': 205, 'train/policy_loss': 0.8068022490479052, 'train/value_loss': 0.06255170438089408, 'hours': 3.453614093859989, 'frames': 3358720}
{'iteration': 206, 'train/policy_loss': 0.9134265049360693, 'train/value_loss': 0.0872176640550606, 'hours': 3.470239741206168, 'frames': 3375104, 'eval/model_optimality_ratio': 0.9198770523071289, 'eval/greedy_optimality_ratio': 0.9065334796905518, 'eval/improvement_vs_greedy': 0.013343563303351402}
{'iteration': 207, 'train/policy_loss': 0.8171442709863186, 'train/value_loss': 0.07110021405969746, 'hours': 3.4869809988472182, 'frames': 3391488, 'eval/model_optimality_ratio': 0.9351987838745117, 'eval/greedy_optimality_ratio': 0.9120063781738281, 'eval/improvement_vs_greedy': 0.023192428052425385}
{'iteration': 208, 'train/policy_loss': 0.8795298589393497, 'train/value_loss': 0.054972315730992705, 'hours': 3.503595533304743, 'frames': 3407872, 'eval/model_optimality_ratio': 0.9224798679351807, 'eval/greedy_optimality_ratio': 0.9052138924598694, 'eval/improvement_vs_greedy': 0.017266027629375458}
{'iteration': 209, 'train/policy_loss': 0.6703162831254303, 'train/value_loss': 0.06891064633964561, 'hours': 3.520230441027216, 'frames': 3424256, 'eval/model_optimality_ratio': 0.8963685631752014, 'eval/greedy_optimality_ratio': 0.9052329063415527, 'eval/improvement_vs_greedy': -0.00886429101228714}
{'iteration': 210, 'train/policy_loss': 0.7732158652506769, 'train/value_loss': 0.052226743326173164, 'hours': 3.5368940838177982, 'frames': 3440640}
{'iteration': 211, 'train/policy_loss': 0.8023666152730584, 'train/value_loss': 0.05752397555625066, 'hours': 3.5535157695081483, 'frames': 3457024, 'eval/model_optimality_ratio': 0.935437798500061, 'eval/greedy_optimality_ratio': 0.9129706621170044, 'eval/improvement_vs_greedy': 0.022467127069830894}
{'iteration': 212, 'train/policy_loss': 0.8081344193778932, 'train/value_loss': 0.043128451783559285, 'hours': 3.5701746680339164, 'frames': 3473408, 'eval/model_optimality_ratio': 0.9242554903030396, 'eval/greedy_optimality_ratio': 0.9055988788604736, 'eval/improvement_vs_greedy': 0.018656602129340172}
{'iteration': 213, 'train/policy_loss': 0.8179249432869256, 'train/value_loss': 0.07640690612606704, 'hours': 3.5869014124737832, 'frames': 3489792, 'eval/model_optimality_ratio': 0.903148889541626, 'eval/greedy_optimality_ratio': 0.9054256677627563, 'eval/improvement_vs_greedy': -0.002276767510920763}
{'iteration': 214, 'train/policy_loss': 0.8774807588197291, 'train/value_loss': 0.06334838329348713, 'hours': 3.6034868054257485, 'frames': 3506176, 'eval/model_optimality_ratio': 0.9461970329284668, 'eval/greedy_optimality_ratio': 0.9063794612884521, 'eval/improvement_vs_greedy': 0.03981757164001465}
{'iteration': 215, 'train/policy_loss': 0.7479637605138123, 'train/value_loss': 0.0741747714637313, 'hours': 3.6201936672131207, 'frames': 3522560}
{'iteration': 216, 'train/policy_loss': 0.8803707687184215, 'train/value_loss': 0.04877813677012455, 'hours': 3.63680111573802, 'frames': 3538944, 'eval/model_optimality_ratio': 0.9394849538803101, 'eval/greedy_optimality_ratio': 0.9102860689163208, 'eval/improvement_vs_greedy': 0.029198922216892242}
{'iteration': 217, 'train/policy_loss': 0.8784794891253114, 'train/value_loss': 0.07134252824471332, 'hours': 3.6534359085559833, 'frames': 3555328, 'eval/model_optimality_ratio': 0.942938506603241, 'eval/greedy_optimality_ratio': 0.9065340161323547, 'eval/improvement_vs_greedy': 0.03640447556972504}
{'iteration': 218, 'train/policy_loss': 0.8221393986605108, 'train/value_loss': 0.09736588026862592, 'hours': 3.6700509785281277, 'frames': 3571712, 'eval/model_optimality_ratio': 0.9294530153274536, 'eval/greedy_optimality_ratio': 0.9090698957443237, 'eval/improvement_vs_greedy': 0.02038312330842018}
{'iteration': 219, 'train/policy_loss': 0.7759577357210219, 'train/value_loss': 0.05254154601425398, 'hours': 3.686630258626407, 'frames': 3588096, 'eval/model_optimality_ratio': 0.9340682029724121, 'eval/greedy_optimality_ratio': 0.9080936908721924, 'eval/improvement_vs_greedy': 0.025974508374929428}
{'iteration': 220, 'train/policy_loss': 0.7848217035643756, 'train/value_loss': 0.04571693636535201, 'hours': 3.7033702919218263, 'frames': 3604480}
{'iteration': 221, 'train/policy_loss': 0.8881563362665474, 'train/value_loss': 0.09139756392687559, 'hours': 3.7199728794230342, 'frames': 3620864, 'eval/model_optimality_ratio': 0.9285256266593933, 'eval/greedy_optimality_ratio': 0.9134789109230042, 'eval/improvement_vs_greedy': 0.015046714805066586}
{'iteration': 222, 'train/policy_loss': 0.770898453425616, 'train/value_loss': 0.08452190048410557, 'hours': 3.736629004412226, 'frames': 3637248, 'eval/model_optimality_ratio': 0.9071308374404907, 'eval/greedy_optimality_ratio': 0.9113627076148987, 'eval/improvement_vs_greedy': -0.004231862723827362}
{'iteration': 223, 'train/policy_loss': 0.8605866483412683, 'train/value_loss': 0.0851108597998973, 'hours': 3.7532709706491882, 'frames': 3653632, 'eval/model_optimality_ratio': 0.9269018769264221, 'eval/greedy_optimality_ratio': 0.9062169194221497, 'eval/improvement_vs_greedy': 0.020684976130723953}
{'iteration': 224, 'train/policy_loss': 0.7778898789547384, 'train/value_loss': 0.07177314281580038, 'hours': 3.76993333492014, 'frames': 3670016, 'eval/model_optimality_ratio': 0.9329829216003418, 'eval/greedy_optimality_ratio': 0.9090878963470459, 'eval/improvement_vs_greedy': 0.02389499358832836}
{'iteration': 225, 'train/policy_loss': 0.8929307362996042, 'train/value_loss': 0.08337120775831863, 'hours': 3.786543990704747, 'frames': 3686400}
{'iteration': 226, 'train/policy_loss': 0.8331588841974735, 'train/value_loss': 0.07872798191965558, 'hours': 3.8031757882568558, 'frames': 3702784, 'eval/model_optimality_ratio': 0.9561001658439636, 'eval/greedy_optimality_ratio': 0.911922812461853, 'eval/improvement_vs_greedy': 0.04417736828327179}
{'iteration': 227, 'train/policy_loss': 0.8269483367912471, 'train/value_loss': 0.07963367868796922, 'hours': 3.8198683198293035, 'frames': 3719168, 'eval/model_optimality_ratio': 0.9381600022315979, 'eval/greedy_optimality_ratio': 0.9144078493118286, 'eval/improvement_vs_greedy': 0.023752186447381973}
{'iteration': 228, 'train/policy_loss': 0.7880564969964325, 'train/value_loss': 0.08210979599971324, 'hours': 3.83645592563682, 'frames': 3735552, 'eval/model_optimality_ratio': 0.9566473960876465, 'eval/greedy_optimality_ratio': 0.9110026359558105, 'eval/improvement_vs_greedy': 0.04564473032951355}
{'iteration': 229, 'train/policy_loss': 0.804423226043582, 'train/value_loss': 0.06853913105442189, 'hours': 3.8530831231673544, 'frames': 3751936, 'eval/model_optimality_ratio': 0.9438430070877075, 'eval/greedy_optimality_ratio': 0.9100418090820312, 'eval/improvement_vs_greedy': 0.03380119800567627}
{'iteration': 230, 'train/policy_loss': 0.7911824509501457, 'train/value_loss': 0.07267576557933353, 'hours': 3.86969027062257, 'frames': 3768320}
{'iteration': 231, 'train/policy_loss': 0.8471527975052595, 'train/value_loss': 0.07543394775711931, 'hours': 3.886375255849625, 'frames': 3784704, 'eval/model_optimality_ratio': 0.9771780967712402, 'eval/greedy_optimality_ratio': 0.9127762317657471, 'eval/improvement_vs_greedy': 0.06440183520317078}
{'iteration': 232, 'train/policy_loss': 0.8553865700960159, 'train/value_loss': 0.1304857584182173, 'hours': 3.903037861651843, 'frames': 3801088, 'eval/model_optimality_ratio': 0.9702022075653076, 'eval/greedy_optimality_ratio': 0.9095535278320312, 'eval/improvement_vs_greedy': 0.060648687183856964}
{'iteration': 233, 'train/policy_loss': 0.8379224939271808, 'train/value_loss': 0.10922492033569142, 'hours': 3.9197725788752225, 'frames': 3817472, 'eval/model_optimality_ratio': 0.9731196165084839, 'eval/greedy_optimality_ratio': 0.9085636734962463, 'eval/improvement_vs_greedy': 0.06455595046281815}
{'iteration': 234, 'train/policy_loss': 0.8889185185544193, 'train/value_loss': 0.20418680045986548, 'hours': 3.936448212398422, 'frames': 3833856, 'eval/model_optimality_ratio': 0.9606727361679077, 'eval/greedy_optimality_ratio': 0.9099827408790588, 'eval/improvement_vs_greedy': 0.0506899431347847}
{'iteration': 235, 'train/policy_loss': 0.8595240996219218, 'train/value_loss': 0.1183606858830899, 'hours': 3.9531054498751947, 'frames': 3850240}
{'iteration': 236, 'train/policy_loss': 0.824245666153729, 'train/value_loss': 0.08896413756883703, 'hours': 3.9697984513309255, 'frames': 3866624, 'eval/model_optimality_ratio': 0.9620006680488586, 'eval/greedy_optimality_ratio': 0.9098692536354065, 'eval/improvement_vs_greedy': 0.05213144049048424}
{'iteration': 237, 'train/policy_loss': 0.8676886782050133, 'train/value_loss': 0.10892656620126218, 'hours': 3.9864457653628445, 'frames': 3883008, 'eval/model_optimality_ratio': 0.9520238637924194, 'eval/greedy_optimality_ratio': 0.9127310514450073, 'eval/improvement_vs_greedy': 0.03929292410612106}
{'iteration': 238, 'train/policy_loss': 0.8307992732152343, 'train/value_loss': 0.09112240516697057, 'hours': 4.003078865872488, 'frames': 3899392, 'eval/model_optimality_ratio': 0.9750350117683411, 'eval/greedy_optimality_ratio': 0.9071784019470215, 'eval/improvement_vs_greedy': 0.06785659492015839}
{'iteration': 239, 'train/policy_loss': 0.8284448878839612, 'train/value_loss': 0.09577620730851777, 'hours': 4.019759718709521, 'frames': 3915776, 'eval/model_optimality_ratio': 0.9618320465087891, 'eval/greedy_optimality_ratio': 0.9094828367233276, 'eval/improvement_vs_greedy': 0.0523492693901062}
{'iteration': 240, 'train/policy_loss': 0.8172976677305996, 'train/value_loss': 0.11669851900660433, 'hours': 4.036522136794195, 'frames': 3932160}
{'iteration': 241, 'train/policy_loss': 0.8412638078443706, 'train/value_loss': 0.08992438513087109, 'hours': 4.053135285112592, 'frames': 3948544, 'eval/model_optimality_ratio': 0.9742035865783691, 'eval/greedy_optimality_ratio': 0.911159873008728, 'eval/improvement_vs_greedy': 0.0630437433719635}
{'iteration': 242, 'train/policy_loss': 0.821684189606458, 'train/value_loss': 0.10063872410682961, 'hours': 4.069700455798043, 'frames': 3964928, 'eval/model_optimality_ratio': 0.9815517663955688, 'eval/greedy_optimality_ratio': 0.9125061631202698, 'eval/improvement_vs_greedy': 0.06904561817646027}
{'iteration': 243, 'train/policy_loss': 0.8203104971908033, 'train/value_loss': 0.09445108639192767, 'hours': 4.086356020503573, 'frames': 3981312, 'eval/model_optimality_ratio': 0.9683728814125061, 'eval/greedy_optimality_ratio': 0.9126027822494507, 'eval/improvement_vs_greedy': 0.05577010661363602}
{'iteration': 244, 'train/policy_loss': 0.8258060868829489, 'train/value_loss': 0.09766631384263746, 'hours': 4.102972143557336, 'frames': 3997696, 'eval/model_optimality_ratio': 0.9691573977470398, 'eval/greedy_optimality_ratio': 0.9038646817207336, 'eval/improvement_vs_greedy': 0.06529268622398376}
{'iteration': 245, 'train/policy_loss': 0.808630142826587, 'train/value_loss': 0.0567774111405015, 'hours': 4.119628820419311, 'frames': 4014080}
{'iteration': 246, 'train/policy_loss': 0.8124038609676063, 'train/value_loss': 0.08269214219762944, 'hours': 4.136369446847173, 'frames': 4030464, 'eval/model_optimality_ratio': 0.9698699116706848, 'eval/greedy_optimality_ratio': 0.9084856510162354, 'eval/improvement_vs_greedy': 0.06138420104980469}
{'iteration': 247, 'train/policy_loss': 0.8142856727354228, 'train/value_loss': 0.06841724363039248, 'hours': 4.153036008278527, 'frames': 4046848, 'eval/model_optimality_ratio': 0.9813189506530762, 'eval/greedy_optimality_ratio': 0.9165100455284119, 'eval/improvement_vs_greedy': 0.0648089051246643}
{'iteration': 248, 'train/policy_loss': 0.8214271082542837, 'train/value_loss': 0.07846339332172647, 'hours': 4.169631581240228, 'frames': 4063232, 'eval/model_optimality_ratio': 0.9764727354049683, 'eval/greedy_optimality_ratio': 0.9168962240219116, 'eval/improvement_vs_greedy': 0.059576526284217834}
{'iteration': 249, 'train/policy_loss': 0.8227863269858062, 'train/value_loss': 0.0791118927882053, 'hours': 4.186210909816952, 'frames': 4079616, 'eval/model_optimality_ratio': 0.9783976674079895, 'eval/greedy_optimality_ratio': 0.9136788249015808, 'eval/improvement_vs_greedy': 0.06471887230873108}
{'iteration': 250, 'train/policy_loss': 0.8107654843479395, 'train/value_loss': 0.08258019058848731, 'hours': 4.202795392473537, 'frames': 4096000}
{'iteration': 251, 'train/policy_loss': 0.8219716884195805, 'train/value_loss': 0.07713566638994962, 'hours': 4.219396214485167, 'frames': 4112384, 'eval/model_optimality_ratio': 0.9794243574142456, 'eval/greedy_optimality_ratio': 0.9083616733551025, 'eval/improvement_vs_greedy': 0.07106275111436844}
{'iteration': 252, 'train/policy_loss': 0.7986302440986037, 'train/value_loss': 0.07766414983780123, 'hours': 4.2360496428940015, 'frames': 4128768, 'eval/model_optimality_ratio': 0.9733834266662598, 'eval/greedy_optimality_ratio': 0.9087400436401367, 'eval/improvement_vs_greedy': 0.06464342772960663}
{'iteration': 253, 'train/policy_loss': 0.8029669066891074, 'train/value_loss': 0.09080899128457531, 'hours': 4.252797296510801, 'frames': 4145152, 'eval/model_optimality_ratio': 0.9738860130310059, 'eval/greedy_optimality_ratio': 0.908606767654419, 'eval/improvement_vs_greedy': 0.06527921557426453}
{'iteration': 254, 'train/policy_loss': 0.8239814629778266, 'train/value_loss': 0.10197049993439578, 'hours': 4.269421626064511, 'frames': 4161536, 'eval/model_optimality_ratio': 0.9718307852745056, 'eval/greedy_optimality_ratio': 0.9075826406478882, 'eval/improvement_vs_greedy': 0.06424811482429504}
{'iteration': 255, 'train/policy_loss': 0.8396625532768667, 'train/value_loss': 0.08912850255728699, 'hours': 4.286059050758678, 'frames': 4177920}
{'iteration': 256, 'train/policy_loss': 0.8468811567872763, 'train/value_loss': 0.09474472844158299, 'hours': 4.30260448263751, 'frames': 4194304, 'eval/model_optimality_ratio': 0.97097247838974, 'eval/greedy_optimality_ratio': 0.9117101430892944, 'eval/improvement_vs_greedy': 0.05926232784986496}
{'iteration': 257, 'train/policy_loss': 0.8424335024319589, 'train/value_loss': 0.10644713634974323, 'hours': 4.319276798433727, 'frames': 4210688, 'eval/model_optimality_ratio': 0.9670891761779785, 'eval/greedy_optimality_ratio': 0.9146546125411987, 'eval/improvement_vs_greedy': 0.05243455246090889}
{'iteration': 258, 'train/policy_loss': 0.797045077662915, 'train/value_loss': 0.07495282849413343, 'hours': 4.335868005288971, 'frames': 4227072, 'eval/model_optimality_ratio': 0.9776402115821838, 'eval/greedy_optimality_ratio': 0.9077380895614624, 'eval/improvement_vs_greedy': 0.06990209221839905}
{'iteration': 259, 'train/policy_loss': 0.8244501552544534, 'train/value_loss': 0.10775197518523782, 'hours': 4.3525862316290524, 'frames': 4243456, 'eval/model_optimality_ratio': 0.9564183950424194, 'eval/greedy_optimality_ratio': 0.9086917638778687, 'eval/improvement_vs_greedy': 0.047726698219776154}
{'iteration': 260, 'train/policy_loss': 0.7940590800717473, 'train/value_loss': 0.08606630997383036, 'hours': 4.369135544631215, 'frames': 4259840}
{'iteration': 261, 'train/policy_loss': 0.8303838255815208, 'train/value_loss': 0.09028480338747613, 'hours': 4.385736007491746, 'frames': 4276224, 'eval/model_optimality_ratio': 0.971049427986145, 'eval/greedy_optimality_ratio': 0.9104233980178833, 'eval/improvement_vs_greedy': 0.06062600016593933}
{'iteration': 262, 'train/policy_loss': 0.8117346339859068, 'train/value_loss': 0.062023101752856746, 'hours': 4.402349464827113, 'frames': 4292608, 'eval/model_optimality_ratio': 0.9837424159049988, 'eval/greedy_optimality_ratio': 0.9071148633956909, 'eval/improvement_vs_greedy': 0.07662755995988846}
{'iteration': 263, 'train/policy_loss': 0.8195785596035421, 'train/value_loss': 0.084224999853177, 'hours': 4.41895102209515, 'frames': 4308992, 'eval/model_optimality_ratio': 0.965695858001709, 'eval/greedy_optimality_ratio': 0.9104383587837219, 'eval/improvement_vs_greedy': 0.05525753274559975}
{'iteration': 264, 'train/policy_loss': 0.8167592431418598, 'train/value_loss': 0.08111664347234182, 'hours': 4.435532287359237, 'frames': 4325376, 'eval/model_optimality_ratio': 0.98040771484375, 'eval/greedy_optimality_ratio': 0.9079591035842896, 'eval/improvement_vs_greedy': 0.07244863361120224}
{'iteration': 265, 'train/policy_loss': 0.799318315461278, 'train/value_loss': 0.055083159313653596, 'hours': 4.4521696088711415, 'frames': 4341760}
{'iteration': 266, 'train/policy_loss': 0.8085203063674271, 'train/value_loss': 0.05291169694100972, 'hours': 4.468888897101084, 'frames': 4358144, 'eval/model_optimality_ratio': 0.9736268520355225, 'eval/greedy_optimality_ratio': 0.9060688018798828, 'eval/improvement_vs_greedy': 0.06755806505680084}
{'iteration': 267, 'train/policy_loss': 0.8059774967841804, 'train/value_loss': 0.07933012931607664, 'hours': 4.485531480047437, 'frames': 4374528, 'eval/model_optimality_ratio': 0.983877420425415, 'eval/greedy_optimality_ratio': 0.9048202037811279, 'eval/improvement_vs_greedy': 0.0790572464466095}
{'iteration': 268, 'train/policy_loss': 0.8612565826624632, 'train/value_loss': 0.10882659503840841, 'hours': 4.502167553504307, 'frames': 4390912, 'eval/model_optimality_ratio': 0.977022647857666, 'eval/greedy_optimality_ratio': 0.9079270958900452, 'eval/improvement_vs_greedy': 0.06909544765949249}
{'iteration': 269, 'train/policy_loss': 0.8562626452185214, 'train/value_loss': 0.10958106216276065, 'hours': 4.518681793610254, 'frames': 4407296, 'eval/model_optimality_ratio': 0.9742918014526367, 'eval/greedy_optimality_ratio': 0.9124735593795776, 'eval/improvement_vs_greedy': 0.06181827560067177}
{'iteration': 270, 'train/policy_loss': 0.8151532523334026, 'train/value_loss': 0.065999817190459, 'hours': 4.535333929326798, 'frames': 4423680}
{'iteration': 271, 'train/policy_loss': 0.8018445540219545, 'train/value_loss': 0.07423704359098338, 'hours': 4.551925149427519, 'frames': 4440064, 'eval/model_optimality_ratio': 0.9741978049278259, 'eval/greedy_optimality_ratio': 0.909292459487915, 'eval/improvement_vs_greedy': 0.06490538269281387}
{'iteration': 272, 'train/policy_loss': 0.8435430061072111, 'train/value_loss': 0.1124835652881302, 'hours': 4.568617457548776, 'frames': 4456448, 'eval/model_optimality_ratio': 0.9760633707046509, 'eval/greedy_optimality_ratio': 0.9041172862052917, 'eval/improvement_vs_greedy': 0.0719461441040039}
{'iteration': 273, 'train/policy_loss': 0.8045928231440485, 'train/value_loss': 0.07794470564112999, 'hours': 4.585221714576084, 'frames': 4472832, 'eval/model_optimality_ratio': 0.9782934188842773, 'eval/greedy_optimality_ratio': 0.9048179984092712, 'eval/improvement_vs_greedy': 0.0734754353761673}
{'iteration': 274, 'train/policy_loss': 0.8068874790333211, 'train/value_loss': 0.08236290013883263, 'hours': 4.601899201075235, 'frames': 4489216, 'eval/model_optimality_ratio': 0.979824423789978, 'eval/greedy_optimality_ratio': 0.913364827632904, 'eval/improvement_vs_greedy': 0.06645964086055756}
{'iteration': 275, 'train/policy_loss': 0.8164447275921702, 'train/value_loss': 0.07702105090720579, 'hours': 4.618543855415449, 'frames': 4505600}
{'iteration': 276, 'train/policy_loss': 0.8251365735195577, 'train/value_loss': 0.0804873171437066, 'hours': 4.6352304935455315, 'frames': 4521984, 'eval/model_optimality_ratio': 0.9660143256187439, 'eval/greedy_optimality_ratio': 0.9095951914787292, 'eval/improvement_vs_greedy': 0.05641908198595047}
{'iteration': 277, 'train/policy_loss': 0.7872826969251037, 'train/value_loss': 0.0946982347231824, 'hours': 4.651901627712779, 'frames': 4538368, 'eval/model_optimality_ratio': 0.978974461555481, 'eval/greedy_optimality_ratio': 0.9059426784515381, 'eval/improvement_vs_greedy': 0.07303179800510406}
{'iteration': 278, 'train/policy_loss': 0.8003789507783949, 'train/value_loss': 0.07671317612403072, 'hours': 4.668553848862648, 'frames': 4554752, 'eval/model_optimality_ratio': 0.9809642434120178, 'eval/greedy_optimality_ratio': 0.9159666299819946, 'eval/improvement_vs_greedy': 0.064997598528862}
{'iteration': 279, 'train/policy_loss': 0.7876318716444075, 'train/value_loss': 0.08173681558400858, 'hours': 4.685263928373654, 'frames': 4571136, 'eval/model_optimality_ratio': 0.9724471569061279, 'eval/greedy_optimality_ratio': 0.9112726449966431, 'eval/improvement_vs_greedy': 0.06117454916238785}
{'iteration': 280, 'train/policy_loss': 0.8018321101553738, 'train/value_loss': 0.07680008801980875, 'hours': 4.701929535402192, 'frames': 4587520}
{'iteration': 281, 'train/policy_loss': 0.8159694611094892, 'train/value_loss': 0.08029870310565457, 'hours': 4.7185416091150705, 'frames': 4603904, 'eval/model_optimality_ratio': 0.9711436033248901, 'eval/greedy_optimality_ratio': 0.9060000777244568, 'eval/improvement_vs_greedy': 0.06514352560043335}
{'iteration': 282, 'train/policy_loss': 0.7805148558691144, 'train/value_loss': 0.06905248499242589, 'hours': 4.735140180057949, 'frames': 4620288, 'eval/model_optimality_ratio': 0.9755604267120361, 'eval/greedy_optimality_ratio': 0.9108529090881348, 'eval/improvement_vs_greedy': 0.06470755487680435}
{'iteration': 283, 'train/policy_loss': 0.8023317707702518, 'train/value_loss': 0.06635571605875157, 'hours': 4.75173758884271, 'frames': 4636672, 'eval/model_optimality_ratio': 0.9881033301353455, 'eval/greedy_optimality_ratio': 0.9156455993652344, 'eval/improvement_vs_greedy': 0.07245773077011108}
{'iteration': 284, 'train/policy_loss': 0.7972125136293471, 'train/value_loss': 0.06517738563707098, 'hours': 4.768362339205212, 'frames': 4653056, 'eval/model_optimality_ratio': 0.9828585982322693, 'eval/greedy_optimality_ratio': 0.902945339679718, 'eval/improvement_vs_greedy': 0.07991330325603485}
{'iteration': 285, 'train/policy_loss': 0.7894591235090047, 'train/value_loss': 0.06369674207235221, 'hours': 4.784972890218099, 'frames': 4669440}
{'iteration': 286, 'train/policy_loss': 0.8166756741702557, 'train/value_loss': 0.0817866253782995, 'hours': 4.801708026395904, 'frames': 4685824, 'eval/model_optimality_ratio': 0.9440830945968628, 'eval/greedy_optimality_ratio': 0.909459114074707, 'eval/improvement_vs_greedy': 0.034624043852090836}
{'iteration': 287, 'train/policy_loss': 0.8164294790476561, 'train/value_loss': 0.076010355114704, 'hours': 4.818363088899189, 'frames': 4702208, 'eval/model_optimality_ratio': 0.9755786061286926, 'eval/greedy_optimality_ratio': 0.912223219871521, 'eval/improvement_vs_greedy': 0.06335534900426865}
{'iteration': 288, 'train/policy_loss': 0.810370278544724, 'train/value_loss': 0.08558141722460277, 'hours': 4.834955988526345, 'frames': 4718592, 'eval/model_optimality_ratio': 0.9663478136062622, 'eval/greedy_optimality_ratio': 0.913379430770874, 'eval/improvement_vs_greedy': 0.05296839028596878}
{'iteration': 289, 'train/policy_loss': 0.796673012431711, 'train/value_loss': 0.08517145836958662, 'hours': 4.851586602197754, 'frames': 4734976, 'eval/model_optimality_ratio': 0.9801284074783325, 'eval/greedy_optimality_ratio': 0.9110434055328369, 'eval/improvement_vs_greedy': 0.06908497214317322}
{'iteration': 290, 'train/policy_loss': 0.8272350803017616, 'train/value_loss': 0.0754303780850023, 'hours': 4.8681449836492545, 'frames': 4751360}
{'iteration': 291, 'train/policy_loss': 0.7989910347387195, 'train/value_loss': 0.07796919063548557, 'hours': 4.884764052563244, 'frames': 4767744, 'eval/model_optimality_ratio': 0.9604774713516235, 'eval/greedy_optimality_ratio': 0.9145267009735107, 'eval/improvement_vs_greedy': 0.04595084488391876}
{'iteration': 292, 'train/policy_loss': 0.8341839695349336, 'train/value_loss': 0.07661506932345219, 'hours': 4.901416498952442, 'frames': 4784128, 'eval/model_optimality_ratio': 0.9846997261047363, 'eval/greedy_optimality_ratio': 0.9079266786575317, 'eval/improvement_vs_greedy': 0.07677308470010757}
{'iteration': 293, 'train/policy_loss': 0.8022851794958115, 'train/value_loss': 0.0750022929860279, 'hours': 4.918041019704607, 'frames': 4800512, 'eval/model_optimality_ratio': 0.985683798789978, 'eval/greedy_optimality_ratio': 0.9131994247436523, 'eval/improvement_vs_greedy': 0.07248431444168091}
{'iteration': 294, 'train/policy_loss': 0.8132491246797144, 'train/value_loss': 0.04555463371798396, 'hours': 4.934664044115279, 'frames': 4816896, 'eval/model_optimality_ratio': 0.9868305325508118, 'eval/greedy_optimality_ratio': 0.9079159498214722, 'eval/improvement_vs_greedy': 0.07891461253166199}
{'iteration': 295, 'train/policy_loss': 0.8284374247305095, 'train/value_loss': 0.10627030979958363, 'hours': 4.951250575118595, 'frames': 4833280}
{'iteration': 296, 'train/policy_loss': 0.8250498408451676, 'train/value_loss': 0.06127509579528123, 'hours': 4.967846267686951, 'frames': 4849664, 'eval/model_optimality_ratio': 0.9831696152687073, 'eval/greedy_optimality_ratio': 0.9146777987480164, 'eval/improvement_vs_greedy': 0.06849180907011032}
{'iteration': 297, 'train/policy_loss': 0.809871326200664, 'train/value_loss': 0.07798116718186066, 'hours': 4.984460370739302, 'frames': 4866048, 'eval/model_optimality_ratio': 0.9864660501480103, 'eval/greedy_optimality_ratio': 0.9112730026245117, 'eval/improvement_vs_greedy': 0.07519301772117615}
{'iteration': 298, 'train/policy_loss': 0.8052433039993048, 'train/value_loss': 0.07521517461282201, 'hours': 5.001012234886488, 'frames': 4882432, 'eval/model_optimality_ratio': 0.9821951389312744, 'eval/greedy_optimality_ratio': 0.910608172416687, 'eval/improvement_vs_greedy': 0.07158702611923218}
{'iteration': 299, 'train/policy_loss': 0.7915058452636003, 'train/value_loss': 0.05496582489286084, 'hours': 5.017748114201758, 'frames': 4898816, 'eval/model_optimality_ratio': 0.9815881848335266, 'eval/greedy_optimality_ratio': 0.9066550135612488, 'eval/improvement_vs_greedy': 0.07493316382169724}
{'iteration': 300, 'train/policy_loss': 0.7863201475702226, 'train/value_loss': 0.05471573624527082, 'hours': 5.034319562779533, 'frames': 4915200}
{'iteration': 301, 'train/policy_loss': 0.7912156688980758, 'train/value_loss': 0.09188510169042274, 'hours': 5.0509633833169945, 'frames': 4931584, 'eval/model_optimality_ratio': 0.9857323169708252, 'eval/greedy_optimality_ratio': 0.9091861248016357, 'eval/improvement_vs_greedy': 0.07654622197151184}
{'iteration': 302, 'train/policy_loss': 0.7771417354233563, 'train/value_loss': 0.06576715763367247, 'hours': 5.067592824167676, 'frames': 4947968, 'eval/model_optimality_ratio': 0.9838412404060364, 'eval/greedy_optimality_ratio': 0.9145665168762207, 'eval/improvement_vs_greedy': 0.06927473843097687}
{'iteration': 303, 'train/policy_loss': 0.7797040133737028, 'train/value_loss': 0.05752061076054815, 'hours': 5.084183681938383, 'frames': 4964352, 'eval/model_optimality_ratio': 0.98655104637146, 'eval/greedy_optimality_ratio': 0.917221188545227, 'eval/improvement_vs_greedy': 0.06932993233203888}
{'iteration': 304, 'train/policy_loss': 0.7851596069522202, 'train/value_loss': 0.06254270288627595, 'hours': 5.100809617373678, 'frames': 4980736, 'eval/model_optimality_ratio': 0.9828060865402222, 'eval/greedy_optimality_ratio': 0.9068499803543091, 'eval/improvement_vs_greedy': 0.07595609128475189}
{'iteration': 305, 'train/policy_loss': 0.7695664656348526, 'train/value_loss': 0.05020721296023112, 'hours': 5.117529616355896, 'frames': 4997120}
{'iteration': 306, 'train/policy_loss': 0.8140571382828057, 'train/value_loss': 0.08468755046487786, 'hours': 5.134077895283699, 'frames': 5013504, 'eval/model_optimality_ratio': 0.9839217662811279, 'eval/greedy_optimality_ratio': 0.9130764007568359, 'eval/improvement_vs_greedy': 0.07084538042545319}
{'iteration': 307, 'train/policy_loss': 0.8008238705806434, 'train/value_loss': 0.04053469654172659, 'hours': 5.150690083702405, 'frames': 5029888, 'eval/model_optimality_ratio': 0.9910610914230347, 'eval/greedy_optimality_ratio': 0.9066432118415833, 'eval/improvement_vs_greedy': 0.08441787958145142}
{'iteration': 308, 'train/policy_loss': 0.783972576726228, 'train/value_loss': 0.07056467811344191, 'hours': 5.167298956910769, 'frames': 5046272, 'eval/model_optimality_ratio': 0.9913684129714966, 'eval/greedy_optimality_ratio': 0.9080219268798828, 'eval/improvement_vs_greedy': 0.08334653079509735}
{'iteration': 309, 'train/policy_loss': 0.782380573451519, 'train/value_loss': 0.056152176548494026, 'hours': 5.183892837299241, 'frames': 5062656, 'eval/model_optimality_ratio': 0.9845501184463501, 'eval/greedy_optimality_ratio': 0.907915472984314, 'eval/improvement_vs_greedy': 0.07663468271493912}
{'iteration': 310, 'train/policy_loss': 0.7901994800195098, 'train/value_loss': 0.0468340803636238, 'hours': 5.200419785446591, 'frames': 5079040}
{'iteration': 311, 'train/policy_loss': 0.7934495131485164, 'train/value_loss': 0.05265411810250953, 'hours': 5.21700822505686, 'frames': 5095424, 'eval/model_optimality_ratio': 0.9839884042739868, 'eval/greedy_optimality_ratio': 0.9129359126091003, 'eval/improvement_vs_greedy': 0.07105247676372528}
{'iteration': 312, 'train/policy_loss': 0.784319335129112, 'train/value_loss': 0.08723811767413281, 'hours': 5.233728119532267, 'frames': 5111808, 'eval/model_optimality_ratio': 0.9665396213531494, 'eval/greedy_optimality_ratio': 0.9120739102363586, 'eval/improvement_vs_greedy': 0.05446568876504898}
{'iteration': 313, 'train/policy_loss': 0.7853784300386906, 'train/value_loss': 0.06145353701140266, 'hours': 5.250311539769172, 'frames': 5128192, 'eval/model_optimality_ratio': 0.9892929196357727, 'eval/greedy_optimality_ratio': 0.917473316192627, 'eval/improvement_vs_greedy': 0.07181961834430695}
{'iteration': 314, 'train/policy_loss': 0.7933999504894018, 'train/value_loss': 0.05390665744198486, 'hours': 5.26692375421524, 'frames': 5144576, 'eval/model_optimality_ratio': 0.9790912866592407, 'eval/greedy_optimality_ratio': 0.9111226797103882, 'eval/improvement_vs_greedy': 0.06796860694885254}
{'iteration': 315, 'train/policy_loss': 0.81082006637007, 'train/value_loss': 0.07733804991585203, 'hours': 5.283489151994386, 'frames': 5160960}
{'iteration': 316, 'train/policy_loss': 0.7804463696666062, 'train/value_loss': 0.07508380989020225, 'hours': 5.3001146986087155, 'frames': 5177344, 'eval/model_optimality_ratio': 0.9729118943214417, 'eval/greedy_optimality_ratio': 0.9112392663955688, 'eval/improvement_vs_greedy': 0.06167267635464668}
{'iteration': 317, 'train/policy_loss': 0.7841370445676148, 'train/value_loss': 0.050330272992141545, 'hours': 5.316747584674093, 'frames': 5193728, 'eval/model_optimality_ratio': 0.9897007942199707, 'eval/greedy_optimality_ratio': 0.9098045229911804, 'eval/improvement_vs_greedy': 0.07989627122879028}
{'iteration': 318, 'train/policy_loss': 0.770279317162931, 'train/value_loss': 0.07048664272588212, 'hours': 5.333487280739678, 'frames': 5210112, 'eval/model_optimality_ratio': 0.9815424084663391, 'eval/greedy_optimality_ratio': 0.9111555218696594, 'eval/improvement_vs_greedy': 0.0703868567943573}
{'iteration': 319, 'train/policy_loss': 0.7771872822195292, 'train/value_loss': 0.07159293338190764, 'hours': 5.350129377841949, 'frames': 5226496, 'eval/model_optimality_ratio': 0.986000657081604, 'eval/greedy_optimality_ratio': 0.9077860116958618, 'eval/improvement_vs_greedy': 0.0782146155834198}
{'iteration': 320, 'train/policy_loss': 0.7754620527848601, 'train/value_loss': 0.05937181372428313, 'hours': 5.366776136491033, 'frames': 5242880}
{'iteration': 321, 'train/policy_loss': 0.776713949162513, 'train/value_loss': 0.06823934579733759, 'hours': 5.383442843622631, 'frames': 5259264, 'eval/model_optimality_ratio': 0.9825658798217773, 'eval/greedy_optimality_ratio': 0.9111615419387817, 'eval/improvement_vs_greedy': 0.07140439748764038}
{'iteration': 322, 'train/policy_loss': 0.7746899123303592, 'train/value_loss': 0.06536717152630445, 'hours': 5.400070947872267, 'frames': 5275648, 'eval/model_optimality_ratio': 0.9853337407112122, 'eval/greedy_optimality_ratio': 0.91321861743927, 'eval/improvement_vs_greedy': 0.07211510092020035}
{'iteration': 323, 'train/policy_loss': 0.7926107537932694, 'train/value_loss': 0.05569478470715694, 'hours': 5.416678249372376, 'frames': 5292032, 'eval/model_optimality_ratio': 0.9823260307312012, 'eval/greedy_optimality_ratio': 0.9108518362045288, 'eval/improvement_vs_greedy': 0.07147421687841415}
{'iteration': 324, 'train/policy_loss': 0.8068719794973731, 'train/value_loss': 0.07387868408113718, 'hours': 5.433316584295697, 'frames': 5308416, 'eval/model_optimality_ratio': 0.9827713966369629, 'eval/greedy_optimality_ratio': 0.9059716463088989, 'eval/improvement_vs_greedy': 0.07679970562458038}
{'iteration': 325, 'train/policy_loss': 0.791525105945766, 'train/value_loss': 0.058890124506433494, 'hours': 5.449983262419701, 'frames': 5324800}
{'iteration': 326, 'train/policy_loss': 0.7679011076688766, 'train/value_loss': 0.05647191349999048, 'hours': 5.466563178896904, 'frames': 5341184, 'eval/model_optimality_ratio': 0.9891726970672607, 'eval/greedy_optimality_ratio': 0.9095361828804016, 'eval/improvement_vs_greedy': 0.07963651418685913}
{'iteration': 327, 'train/policy_loss': 0.7774858330376446, 'train/value_loss': 0.05498509714379907, 'hours': 5.483153694669406, 'frames': 5357568, 'eval/model_optimality_ratio': 0.98484867811203, 'eval/greedy_optimality_ratio': 0.9126306772232056, 'eval/improvement_vs_greedy': 0.07221801578998566}
{'iteration': 328, 'train/policy_loss': 0.7738469038158655, 'train/value_loss': 0.05015962749894243, 'hours': 5.499720944828458, 'frames': 5373952, 'eval/model_optimality_ratio': 0.9876978397369385, 'eval/greedy_optimality_ratio': 0.9078490734100342, 'eval/improvement_vs_greedy': 0.07984881848096848}
{'iteration': 329, 'train/policy_loss': 0.79377506300807, 'train/value_loss': 0.08073666026757564, 'hours': 5.51628508773115, 'frames': 5390336, 'eval/model_optimality_ratio': 0.98237144947052, 'eval/greedy_optimality_ratio': 0.9051272869110107, 'eval/improvement_vs_greedy': 0.07724414765834808}
{'iteration': 330, 'train/policy_loss': 0.7749001989141107, 'train/value_loss': 0.04548303069896065, 'hours': 5.532842733197743, 'frames': 5406720}
{'iteration': 331, 'train/policy_loss': 0.7854852811433375, 'train/value_loss': 0.029974202960147522, 'hours': 5.549509395625857, 'frames': 5423104, 'eval/model_optimality_ratio': 0.9862870573997498, 'eval/greedy_optimality_ratio': 0.9103997349739075, 'eval/improvement_vs_greedy': 0.07588732242584229}
{'iteration': 332, 'train/policy_loss': 0.7874947139061987, 'train/value_loss': 0.03624934631807264, 'hours': 5.566115180518893, 'frames': 5439488, 'eval/model_optimality_ratio': 0.9896589517593384, 'eval/greedy_optimality_ratio': 0.9145448207855225, 'eval/improvement_vs_greedy': 0.07511420547962189}
{'iteration': 333, 'train/policy_loss': 0.7836523526348174, 'train/value_loss': 0.03599766860861564, 'hours': 5.582710683147114, 'frames': 5455872, 'eval/model_optimality_ratio': 0.9887831211090088, 'eval/greedy_optimality_ratio': 0.9086039662361145, 'eval/improvement_vs_greedy': 0.08017919957637787}
{'iteration': 334, 'train/policy_loss': 0.7736285189166665, 'train/value_loss': 0.057187547121429816, 'hours': 5.599302201602195, 'frames': 5472256, 'eval/model_optimality_ratio': 0.9842664003372192, 'eval/greedy_optimality_ratio': 0.9097395539283752, 'eval/improvement_vs_greedy': 0.07452691346406937}
{'iteration': 335, 'train/policy_loss': 0.7764078378677368, 'train/value_loss': 0.060001566642313264, 'hours': 5.615944603217974, 'frames': 5488640}
{'iteration': 336, 'train/policy_loss': 0.7943521304987371, 'train/value_loss': 0.07193860210827552, 'hours': 5.632481804092727, 'frames': 5505024, 'eval/model_optimality_ratio': 0.9873712062835693, 'eval/greedy_optimality_ratio': 0.9098479151725769, 'eval/improvement_vs_greedy': 0.07752327620983124}
{'iteration': 337, 'train/policy_loss': 0.8433393235318363, 'train/value_loss': 0.09699830412864685, 'hours': 5.648929675751264, 'frames': 5521408, 'eval/model_optimality_ratio': 0.9752026796340942, 'eval/greedy_optimality_ratio': 0.9092534780502319, 'eval/improvement_vs_greedy': 0.06594926118850708}
{'iteration': 338, 'train/policy_loss': 0.8140786048024893, 'train/value_loss': 0.08151723918854259, 'hours': 5.66558194935322, 'frames': 5537792, 'eval/model_optimality_ratio': 0.9723169803619385, 'eval/greedy_optimality_ratio': 0.9081705808639526, 'eval/improvement_vs_greedy': 0.06414641439914703}
{'iteration': 339, 'train/policy_loss': 0.7899315124377608, 'train/value_loss': 0.06518271818640642, 'hours': 5.682116209202344, 'frames': 5554176, 'eval/model_optimality_ratio': 0.9855766892433167, 'eval/greedy_optimality_ratio': 0.9101763963699341, 'eval/improvement_vs_greedy': 0.07540030032396317}
{'iteration': 340, 'train/policy_loss': 0.7913197013549507, 'train/value_loss': 0.10717123234644532, 'hours': 5.698758824136523, 'frames': 5570560}
{'iteration': 341, 'train/policy_loss': 0.7777231275103986, 'train/value_loss': 0.047613940594601445, 'hours': 5.71536790225241, 'frames': 5586944, 'eval/model_optimality_ratio': 0.9864887595176697, 'eval/greedy_optimality_ratio': 0.9047958850860596, 'eval/improvement_vs_greedy': 0.08169285953044891}
{'iteration': 342, 'train/policy_loss': 0.7685669199563563, 'train/value_loss': 0.04405180164030753, 'hours': 5.732016941110294, 'frames': 5603328, 'eval/model_optimality_ratio': 0.9865192770957947, 'eval/greedy_optimality_ratio': 0.9105691909790039, 'eval/improvement_vs_greedy': 0.07595012336969376}
{'iteration': 343, 'train/policy_loss': 0.801061786711216, 'train/value_loss': 0.04753259228891693, 'hours': 5.748699143065348, 'frames': 5619712, 'eval/model_optimality_ratio': 0.9847317934036255, 'eval/greedy_optimality_ratio': 0.9048908352851868, 'eval/improvement_vs_greedy': 0.07984095066785812}
{'iteration': 344, 'train/policy_loss': 0.7735420442186296, 'train/value_loss': 0.05287882994161919, 'hours': 5.765393900805051, 'frames': 5636096, 'eval/model_optimality_ratio': 0.9866868257522583, 'eval/greedy_optimality_ratio': 0.9098730087280273, 'eval/improvement_vs_greedy': 0.07681386172771454}
{'iteration': 345, 'train/policy_loss': 0.7767785545438528, 'train/value_loss': 0.0446421009110054, 'hours': 5.782049018873111, 'frames': 5652480}
{'iteration': 346, 'train/policy_loss': 0.7588920872658491, 'train/value_loss': 0.043665771270752884, 'hours': 5.798638184401726, 'frames': 5668864, 'eval/model_optimality_ratio': 0.979781985282898, 'eval/greedy_optimality_ratio': 0.9086687564849854, 'eval/improvement_vs_greedy': 0.07111325860023499}
{'iteration': 347, 'train/policy_loss': 0.7670195288956165, 'train/value_loss': 0.03693492800812237, 'hours': 5.81524366868867, 'frames': 5685248, 'eval/model_optimality_ratio': 0.986876904964447, 'eval/greedy_optimality_ratio': 0.9027986526489258, 'eval/improvement_vs_greedy': 0.08407822996377945}
{'iteration': 348, 'train/policy_loss': 0.776497517246753, 'train/value_loss': 0.05150291125755757, 'hours': 5.831927349832325, 'frames': 5701632, 'eval/model_optimality_ratio': 0.9831258058547974, 'eval/greedy_optimality_ratio': 0.9073105454444885, 'eval/improvement_vs_greedy': 0.07581537961959839}
{'iteration': 349, 'train/policy_loss': 0.7844582903198898, 'train/value_loss': 0.05169957171892747, 'hours': 5.848609940608345, 'frames': 5718016, 'eval/model_optimality_ratio': 0.9807296395301819, 'eval/greedy_optimality_ratio': 0.9109033942222595, 'eval/improvement_vs_greedy': 0.06982629001140594}
{'iteration': 350, 'train/policy_loss': 0.7905364013276994, 'train/value_loss': 0.08089675445808098, 'hours': 5.865186486442886, 'frames': 5734400}
{'iteration': 351, 'train/policy_loss': 0.809757559094578, 'train/value_loss': 0.08236984864925034, 'hours': 5.881959417727261, 'frames': 5750784, 'eval/model_optimality_ratio': 0.9881396293640137, 'eval/greedy_optimality_ratio': 0.9120087623596191, 'eval/improvement_vs_greedy': 0.07613089680671692}
{'iteration': 352, 'train/policy_loss': 0.7962155104614794, 'train/value_loss': 0.06729955220362172, 'hours': 5.89857862128152, 'frames': 5767168, 'eval/model_optimality_ratio': 0.9806303977966309, 'eval/greedy_optimality_ratio': 0.9134281277656555, 'eval/improvement_vs_greedy': 0.06720222532749176}
{'iteration': 353, 'train/policy_loss': 0.7819537841714919, 'train/value_loss': 0.06157656430150382, 'hours': 5.915215308864914, 'frames': 5783552, 'eval/model_optimality_ratio': 0.9817426204681396, 'eval/greedy_optimality_ratio': 0.910237193107605, 'eval/improvement_vs_greedy': 0.07150541245937347}
{'iteration': 354, 'train/policy_loss': 0.7954697296954691, 'train/value_loss': 0.07640374562470242, 'hours': 5.931792644725908, 'frames': 5799936, 'eval/model_optimality_ratio': 0.9400370121002197, 'eval/greedy_optimality_ratio': 0.9095709919929504, 'eval/improvement_vs_greedy': 0.030465994030237198}
{'iteration': 355, 'train/policy_loss': 0.7993302345275879, 'train/value_loss': 0.07608391149551608, 'hours': 5.94840819458167, 'frames': 5816320}
{'iteration': 356, 'train/policy_loss': 0.7839089347980917, 'train/value_loss': 0.057540130816050805, 'hours': 5.965070469710564, 'frames': 5832704, 'eval/model_optimality_ratio': 0.9849869608879089, 'eval/greedy_optimality_ratio': 0.9109430909156799, 'eval/improvement_vs_greedy': 0.07404392957687378}
{'iteration': 357, 'train/policy_loss': 0.7839687210507691, 'train/value_loss': 0.043971213963232, 'hours': 5.981629790531266, 'frames': 5849088, 'eval/model_optimality_ratio': 0.9890636205673218, 'eval/greedy_optimality_ratio': 0.9086772203445435, 'eval/improvement_vs_greedy': 0.08038641512393951}
{'iteration': 358, 'train/policy_loss': 0.7739854250103235, 'train/value_loss': 0.048126916954061016, 'hours': 5.998357484804261, 'frames': 5865472, 'eval/model_optimality_ratio': 0.9884910583496094, 'eval/greedy_optimality_ratio': 0.9097698926925659, 'eval/improvement_vs_greedy': 0.07872111350297928}
{'iteration': 359, 'train/policy_loss': 0.7680063317529857, 'train/value_loss': 0.06278638447111007, 'hours': 6.014933862222567, 'frames': 5881856, 'eval/model_optimality_ratio': 0.965581476688385, 'eval/greedy_optimality_ratio': 0.9100744724273682, 'eval/improvement_vs_greedy': 0.05550699681043625}
{'iteration': 360, 'train/policy_loss': 0.789962166454643, 'train/value_loss': 0.07985991681925952, 'hours': 6.031550567481254, 'frames': 5898240}
{'iteration': 361, 'train/policy_loss': 0.8053288678638637, 'train/value_loss': 0.0662187783891568, 'hours': 6.0481842835744235, 'frames': 5914624, 'eval/model_optimality_ratio': 0.9624032974243164, 'eval/greedy_optimality_ratio': 0.9077933430671692, 'eval/improvement_vs_greedy': 0.0546099878847599}
{'iteration': 362, 'train/policy_loss': 0.7927456176839769, 'train/value_loss': 0.07084769397624768, 'hours': 6.064764132499696, 'frames': 5931008, 'eval/model_optimality_ratio': 0.9801618456840515, 'eval/greedy_optimality_ratio': 0.9090498685836792, 'eval/improvement_vs_greedy': 0.07111199200153351}
{'iteration': 363, 'train/policy_loss': 0.7663329066708684, 'train/value_loss': 0.057685659965500236, 'hours': 6.081380889481969, 'frames': 5947392, 'eval/model_optimality_ratio': 0.9843617677688599, 'eval/greedy_optimality_ratio': 0.9145665168762207, 'eval/improvement_vs_greedy': 0.06979522109031677}
{'iteration': 364, 'train/policy_loss': 0.7857811148278415, 'train/value_loss': 0.052834597998298705, 'hours': 6.098106544481384, 'frames': 5963776, 'eval/model_optimality_ratio': 0.9935357570648193, 'eval/greedy_optimality_ratio': 0.9113344550132751, 'eval/improvement_vs_greedy': 0.082201287150383}
{'iteration': 365, 'train/policy_loss': 0.7837922857142985, 'train/value_loss': 0.06157018720114138, 'hours': 6.114686746994655, 'frames': 5980160}
{'iteration': 366, 'train/policy_loss': 0.7886160369962454, 'train/value_loss': 0.03104043671191903, 'hours': 6.131257178915872, 'frames': 5996544, 'eval/model_optimality_ratio': 0.9884498715400696, 'eval/greedy_optimality_ratio': 0.9069210290908813, 'eval/improvement_vs_greedy': 0.08152885735034943}
{'iteration': 367, 'train/policy_loss': 0.769907156471163, 'train/value_loss': 0.04733702458906919, 'hours': 6.147846781015397, 'frames': 6012928, 'eval/model_optimality_ratio': 0.9886378049850464, 'eval/greedy_optimality_ratio': 0.9143456220626831, 'eval/improvement_vs_greedy': 0.07429224252700806}
{'iteration': 368, 'train/policy_loss': 0.784182514064014, 'train/value_loss': 0.05396745652251411, 'hours': 6.164416311118338, 'frames': 6029312, 'eval/model_optimality_ratio': 0.9846326112747192, 'eval/greedy_optimality_ratio': 0.9096237421035767, 'eval/improvement_vs_greedy': 0.07500892877578735}
{'iteration': 369, 'train/policy_loss': 0.761264213360846, 'train/value_loss': 0.04684978173463605, 'hours': 6.181013611886237, 'frames': 6045696, 'eval/model_optimality_ratio': 0.9840967059135437, 'eval/greedy_optimality_ratio': 0.9157274961471558, 'eval/improvement_vs_greedy': 0.06836920976638794}
{'iteration': 370, 'train/policy_loss': 0.7742200177162886, 'train/value_loss': 0.04227973878005287, 'hours': 6.1976578250858525, 'frames': 6062080}
{'iteration': 371, 'train/policy_loss': 0.779304594732821, 'train/value_loss': 0.06967475562123582, 'hours': 6.214357329077192, 'frames': 6078464, 'eval/model_optimality_ratio': 0.9838060140609741, 'eval/greedy_optimality_ratio': 0.9037361741065979, 'eval/improvement_vs_greedy': 0.08006984740495682}
{'iteration': 372, 'train/policy_loss': 0.8078721780329943, 'train/value_loss': 0.07684340057312511, 'hours': 6.230998223887551, 'frames': 6094848, 'eval/model_optimality_ratio': 0.986151397228241, 'eval/greedy_optimality_ratio': 0.9129942655563354, 'eval/improvement_vs_greedy': 0.07315711677074432}
{'iteration': 373, 'train/policy_loss': 0.8034618347883224, 'train/value_loss': 0.08167471578053664, 'hours': 6.247556530899473, 'frames': 6111232, 'eval/model_optimality_ratio': 0.9788330793380737, 'eval/greedy_optimality_ratio': 0.9068046808242798, 'eval/improvement_vs_greedy': 0.07202841341495514}
{'iteration': 374, 'train/policy_loss': 0.8271553409285843, 'train/value_loss': 0.10029591803322546, 'hours': 6.2641279713975075, 'frames': 6127616, 'eval/model_optimality_ratio': 0.9310391545295715, 'eval/greedy_optimality_ratio': 0.9007207155227661, 'eval/improvement_vs_greedy': 0.03031845949590206}
{'iteration': 375, 'train/policy_loss': 0.8305252036079764, 'train/value_loss': 0.0920116588822566, 'hours': 6.280709138777523, 'frames': 6144000}
{'iteration': 376, 'train/policy_loss': 0.7886455236002803, 'train/value_loss': 0.06902490915672388, 'hours': 6.297341326740055, 'frames': 6160384, 'eval/model_optimality_ratio': 0.9920568466186523, 'eval/greedy_optimality_ratio': 0.9099104404449463, 'eval/improvement_vs_greedy': 0.08214642852544785}
{'iteration': 377, 'train/policy_loss': 0.7913636029697955, 'train/value_loss': 0.03824017495207954, 'hours': 6.3140490771664535, 'frames': 6176768, 'eval/model_optimality_ratio': 0.9865515232086182, 'eval/greedy_optimality_ratio': 0.9116138219833374, 'eval/improvement_vs_greedy': 0.07493769377470016}
{'iteration': 378, 'train/policy_loss': 0.7792740473523736, 'train/value_loss': 0.05187663082324434, 'hours': 6.330665967464449, 'frames': 6193152, 'eval/model_optimality_ratio': 0.9801785349845886, 'eval/greedy_optimality_ratio': 0.9097268581390381, 'eval/improvement_vs_greedy': 0.07045166939496994}
{'iteration': 379, 'train/policy_loss': 0.7747988435439765, 'train/value_loss': 0.053046458880999126, 'hours': 6.347296988897855, 'frames': 6209536, 'eval/model_optimality_ratio': 0.9897752404212952, 'eval/greedy_optimality_ratio': 0.9143943786621094, 'eval/improvement_vs_greedy': 0.0753808468580246}
{'iteration': 380, 'train/policy_loss': 0.7862704396247864, 'train/value_loss': 0.06418686010874808, 'hours': 6.36392818550269, 'frames': 6225920}
{'iteration': 381, 'train/policy_loss': 0.7741687595844269, 'train/value_loss': 0.0472116489399923, 'hours': 6.380560140146152, 'frames': 6242304, 'eval/model_optimality_ratio': 0.9861782789230347, 'eval/greedy_optimality_ratio': 0.9105312824249268, 'eval/improvement_vs_greedy': 0.0756470337510109}
{'iteration': 382, 'train/policy_loss': 0.766790528781712, 'train/value_loss': 0.06009491434087977, 'hours': 6.397190929187671, 'frames': 6258688, 'eval/model_optimality_ratio': 0.9827009439468384, 'eval/greedy_optimality_ratio': 0.9063003659248352, 'eval/improvement_vs_greedy': 0.07640059292316437}
{'iteration': 383, 'train/policy_loss': 0.7906656195409596, 'train/value_loss': 0.05751887313090265, 'hours': 6.413679812683002, 'frames': 6275072, 'eval/model_optimality_ratio': 0.9793885946273804, 'eval/greedy_optimality_ratio': 0.9090750813484192, 'eval/improvement_vs_greedy': 0.07031349092721939}
{'iteration': 384, 'train/policy_loss': 0.7639100016094744, 'train/value_loss': 0.0377768911930616, 'hours': 6.4303428702222, 'frames': 6291456, 'eval/model_optimality_ratio': 0.986431360244751, 'eval/greedy_optimality_ratio': 0.9128339290618896, 'eval/improvement_vs_greedy': 0.07359737157821655}
{'iteration': 385, 'train/policy_loss': 0.7616747147403657, 'train/value_loss': 0.06610221075243317, 'hours': 6.4469331752591685, 'frames': 6307840}
{'iteration': 386, 'train/policy_loss': 0.7945543406531215, 'train/value_loss': 0.06039612161112018, 'hours': 6.463518830537798, 'frames': 6324224, 'eval/model_optimality_ratio': 0.9812037944793701, 'eval/greedy_optimality_ratio': 0.908821165561676, 'eval/improvement_vs_greedy': 0.07238262891769409}
{'iteration': 387, 'train/policy_loss': 0.7753797797486186, 'train/value_loss': 0.036488129902863875, 'hours': 6.480092064142229, 'frames': 6340608, 'eval/model_optimality_ratio': 0.991123378276825, 'eval/greedy_optimality_ratio': 0.9099457859992981, 'eval/improvement_vs_greedy': 0.08117756247520447}
{'iteration': 388, 'train/policy_loss': 0.7777613401412964, 'train/value_loss': 0.03817373640049482, 'hours': 6.49669086635113, 'frames': 6356992, 'eval/model_optimality_ratio': 0.973006546497345, 'eval/greedy_optimality_ratio': 0.9047114253044128, 'eval/improvement_vs_greedy': 0.06829513609409332}
{'iteration': 389, 'train/policy_loss': 0.7628365769051015, 'train/value_loss': 0.03794482536613941, 'hours': 6.513234848446318, 'frames': 6373376, 'eval/model_optimality_ratio': 0.984210729598999, 'eval/greedy_optimality_ratio': 0.9091207385063171, 'eval/improvement_vs_greedy': 0.07509001344442368}
{'iteration': 390, 'train/policy_loss': 0.7940914323553443, 'train/value_loss': 0.06536291711381637, 'hours': 6.529928396145505, 'frames': 6389760}
{'iteration': 391, 'train/policy_loss': 0.807933350559324, 'train/value_loss': 0.06359159087878652, 'hours': 6.546523266368444, 'frames': 6406144, 'eval/model_optimality_ratio': 0.988829493522644, 'eval/greedy_optimality_ratio': 0.9087203741073608, 'eval/improvement_vs_greedy': 0.0801091268658638}
{'iteration': 392, 'train/policy_loss': 0.7855695281177759, 'train/value_loss': 0.061347851224127226, 'hours': 6.563154364691843, 'frames': 6422528, 'eval/model_optimality_ratio': 0.9799436926841736, 'eval/greedy_optimality_ratio': 0.9100297689437866, 'eval/improvement_vs_greedy': 0.06991395354270935}
{'iteration': 393, 'train/policy_loss': 0.7793760811910033, 'train/value_loss': 0.06128445877402555, 'hours': 6.579741721815536, 'frames': 6438912, 'eval/model_optimality_ratio': 0.9880057573318481, 'eval/greedy_optimality_ratio': 0.914608359336853, 'eval/improvement_vs_greedy': 0.0733974426984787}
{'iteration': 394, 'train/policy_loss': 0.7807265939190984, 'train/value_loss': 0.05393424005160341, 'hours': 6.596345608631772, 'frames': 6455296, 'eval/model_optimality_ratio': 0.9814110994338989, 'eval/greedy_optimality_ratio': 0.9098010063171387, 'eval/improvement_vs_greedy': 0.07161016762256622}
{'iteration': 395, 'train/policy_loss': 0.7602036683820188, 'train/value_loss': 0.06039527273969725, 'hours': 6.612975274125737, 'frames': 6471680}
{'iteration': 396, 'train/policy_loss': 0.7663720049895346, 'train/value_loss': 0.05684309474600013, 'hours': 6.629572063419555, 'frames': 6488064, 'eval/model_optimality_ratio': 0.9853484630584717, 'eval/greedy_optimality_ratio': 0.9074702262878418, 'eval/improvement_vs_greedy': 0.07787823677062988}
{'iteration': 397, 'train/policy_loss': 0.7633465672843158, 'train/value_loss': 0.039213840376760345, 'hours': 6.646273297468823, 'frames': 6504448, 'eval/model_optimality_ratio': 0.9847304821014404, 'eval/greedy_optimality_ratio': 0.9085515141487122, 'eval/improvement_vs_greedy': 0.07617899030447006}
{'iteration': 398, 'train/policy_loss': 0.7851045909337699, 'train/value_loss': 0.07178253556776326, 'hours': 6.662838564515115, 'frames': 6520832, 'eval/model_optimality_ratio': 0.9869543313980103, 'eval/greedy_optimality_ratio': 0.9093030095100403, 'eval/improvement_vs_greedy': 0.07765132188796997}
{'iteration': 399, 'train/policy_loss': 0.7970994249917567, 'train/value_loss': 0.05387234370573424, 'hours': 6.67946707295047, 'frames': 6537216, 'eval/model_optimality_ratio': 0.9835819602012634, 'eval/greedy_optimality_ratio': 0.9100815057754517, 'eval/improvement_vs_greedy': 0.07350044697523117}
{'iteration': 400, 'train/policy_loss': 0.7858367511071265, 'train/value_loss': 0.07119870492897462, 'hours': 6.696090587907369, 'frames': 6553600}
[1;34mwandb[0m: 
[1;34mwandb[0m: You can sync this run to the cloud by running:
[1;34mwandb[0m: [1mwandb sync /workspace/wandb/offline-run-20260312_173636-7ql5s2r4[0m
[1;34mwandb[0m: Find logs at: [1;35mwandb/offline-run-20260312_173636-7ql5s2r4/logs[0m
