{
    "name": "tsp_100_nodes",
    "num_nodes": 100,
    "coords": [
        [
            91.97764846637305,
            2.4377940578625745
        ],
        [
            39.422329555050204,
            78.80982284292062
        ],
        [
            71.31880094168983,
            12.284428536796499
        ],
        [
            9.585072591945497,
            91.65468254701496
        ],
        [
            17.16896121229573,
            82.06089773107149
        ],
        [
            52.2589235479053,
            63.11628812533443
        ],
        [
            41.793995291151944,
            14.50387549536407
        ],
        [
            32.16513499069976,
            87.62499755089574
        ],
        [
            94.32807164946215,
            3.5334647304326228
        ],
        [
            49.3015653485109,
            22.583037870794776
        ],
        [
            39.29149344748145,
            69.774636160814
        ],
        [
            28.85154109539838,
            40.2707380582295
        ],
        [
            61.67128303735127,
            87.6416920417287
        ],
        [
            32.4840040645727,
            5.504763464460616
        ],
        [
            13.097044928478873,
            86.14739705723589
        ],
        [
            30.2194304875839,
            85.95540725279683
        ],
        [
            70.08153818749824,
            38.868275139933196
        ],
        [
            60.28348803636631,
            5.767488256762654
        ],
        [
            43.28572156308649,
            92.49416018000505
        ],
        [
            53.42555309648037,
            72.76660176626588
        ],
        [
            73.51161263126825,
            29.07947513855901
        ],
        [
            16.851756550686293,
            13.190287372298503
        ],
        [
            37.44862071319227,
            24.130079698005545
        ],
        [
            49.22811680938466,
            46.262106860506776
        ],
        [
            19.994266175828702,
            21.548188153051473
        ],
        [
            89.33429656862461,
            12.21642355100412
        ],
        [
            43.90276242686196,
            99.09003390314615
        ],
        [
            81.65286113489012,
            75.78565333440575
        ],
        [
            96.72550639013765,
            67.51992385888794
        ],
        [
            80.13199400361903,
            84.61135667733666
        ],
        [
            37.22821377434279,
            94.54865593485746
        ],
        [
            2.4553723220333556,
            59.88473963651359
        ],
        [
            26.73267653963417,
            50.76252528557902
        ],
        [
            99.64322118724718,
            70.88102480257916
        ],
        [
            74.57475126834646,
            20.583704823371296
        ],
        [
            74.89939022066984,
            51.793022692006744
        ],
        [
            52.615979664517965,
            78.12619054327642
        ],
        [
            67.07214670411297,
            94.20495766145352
        ],
        [
            59.18038281422553,
            47.665348879816584
        ],
        [
            88.91514772599865,
            37.97499980744543
        ],
        [
            8.929434947418669,
            10.168900337961972
        ],
        [
            40.88822790171659,
            66.32252330785509
        ],
        [
            38.78150279453696,
            23.48899497994269
        ],
        [
            88.15869853652336,
            71.29892965587526
        ],
        [
            27.446605296991468,
            75.73951972825316
        ],
        [
            48.40209318029181,
            69.51604838731281
        ],
        [
            22.861085847609875,
            37.14458909273046
        ],
        [
            69.5895069864865,
            73.34882599712185
        ],
        [
            40.976291221587346,
            73.5036984848169
        ],
        [
            19.718608039493958,
            59.50724256597163
        ],
        [
            87.15570478778373,
            15.215599281411674
        ],
        [
            14.049379345469948,
            22.938461960853907
        ],
        [
            51.89062693870874,
            2.442819686686548
        ],
        [
            74.04041085479024,
            55.29618694566074
        ],
        [
            62.101276110821445,
            68.5945039424856
        ],
        [
            41.44284741377733,
            89.93436269593002
        ],
        [
            33.37198760861142,
            40.440841613852854
        ],
        [
            80.28302363757948,
            80.47778949696126
        ],
        [
            15.818421273909244,
            91.76444140623454
        ],
        [
            26.87503780967496,
            3.3056945043589026
        ],
        [
            8.209918831445462,
            3.0035724252244322
        ],
        [
            81.94788625513803,
            96.8262416216416
        ],
        [
            23.313085845962455,
            92.28148977601654
        ],
        [
            32.31286485957657,
            15.09901976342526
        ],
        [
            66.69570579952641,
            24.65274601616233
        ],
        [
            50.66915806577139,
            58.678643873699635
        ],
        [
            21.991728022102297,
            84.21042750330233
        ],
        [
            27.605874743072846,
            88.20743570180467
        ],
        [
            68.37412476539724,
            32.826002161491765
        ],
        [
            10.101135122195137,
            19.231003188916652
        ],
        [
            75.50964378404434,
            74.59322112919521
        ],
        [
            9.866001716822502,
            10.442790659485135
        ],
        [
            9.687512861378089,
            6.1037223962130955
        ],
        [
            69.68821251563398,
            86.0260330298343
        ],
        [
            95.48552638990515,
            63.8118370118934
        ],
        [
            68.08888080906432,
            37.70070542781904
        ],
        [
            53.684548094456,
            62.58971177882293
        ],
        [
            79.08816185243111,
            15.030076430369688
        ],
        [
            20.32031651210272,
            36.36282648958476
        ],
        [
            84.33794554117605,
            0.3692889434319224
        ],
        [
            73.08404583867116,
            25.5030690374508
        ],
        [
            48.57364760214017,
            26.799453408119234
        ],
        [
            2.297877705825402,
            41.28168391994114
        ],
        [
            17.211234475869762,
            53.14712180168494
        ],
        [
            0.6652175355341572,
            34.74814611592373
        ],
        [
            0.41551759040445724,
            52.32174616167048
        ],
        [
            45.45160278931743,
            42.96064424628061
        ],
        [
            52.462582657680976,
            15.643451620407378
        ],
        [
            22.45588227210329,
            29.071478251275128
        ],
        [
            10.440995045418466,
            80.22337751850858
        ],
        [
            29.570334563504996,
            76.36450833756288
        ],
        [
            2.502880389589668,
            35.2796675165599
        ],
        [
            86.6130132675134,
            29.31791184007101
        ],
        [
            18.99690580107324,
            16.045501672045393
        ],
        [
            21.034921373808036,
            98.81189782201515
        ],
        [
            87.7217192774517,
            19.5708817298503
        ],
        [
