{
    "name": "tsp_10_nodes",
    "num_nodes": 10,
    "coords": [
        [
            78.20650903351056,
            34.56675386549899
        ],
        [
            80.01131249407716,
            97.71406644408931
        ],
        [
            83.87742766622777,
            18.67275176581832
        ],
        [
            20.897061752035974,
            35.37964891232927
        ],
        [
            55.22116870254956,
            86.96142922012235
        ],
        [
            53.184295950223095,
            5.0955529894607166
        ],
        [
            88.56529612087805,
            89.11571587811034
        ],
        [
            5.8932698297727075,
            76.50169655557467
        ],
        [
            90.17688596667341,
            29.793695142603262
        ],
        [
            96.64789237399674,
            50.73513791485229
        ]
    ]
}