{
    "name": "tsp_50_nodes",
    "num_nodes": 50,
    "coords": [
        [
            32.50488731312565,
            60.36687326850097
        ],
        [
            50.56585392806008,
            78.51803097310139
        ],
        [
            60.00888256214364,
            86.70841814620864
        ],
        [
            87.30026615832031,
            95.06358724271645
        ],
        [
            84.94025948237604,
            58.72376877706736
        ],
        [
            31.713771114900624,
            79.75410986754044
        ],
        [
            84.0326902050605,
            97.96231796968252
        ],
        [
            93.2935202760091,
            10.941462935398471
        ],
        [
            48.31020499859697,
            12.041097953319813
        ],
        [
            96.87296714746542,
            12.650229334095254
        ],
        [
            57.35942256464154,
            12.422914633804128
        ],
        [
            14.747849271523538,
            94.11756500261559
        ],
        [
            42.771766663031585,
            84.05388387355181
        ],
        [
            21.170185147703258,
            22.45948711238367
        ],
        [
            14.812907484440574,
            75.10213502332176
        ],
        [
            22.891938521228262,
            47.258068219976145
        ],
        [
            39.48208772949603,
            72.96407993670017
        ],
        [
            6.083389266918715,
            1.418570158457022
        ],
        [
            65.37980721807607,
            52.82871919714226
        ],
        [
            29.5005147644834,
            40.78588024054633
        ],
        [
            66.93142076917515,
            23.199514864190483
        ],
        [
            35.36849016197584,
            88.89449002692264
        ],
        [
            72.59955514419757,
            87.75781901758658
        ],
        [
            36.20359520134293,
            79.25417485311664
        ],
        [
            8.265607000834285,
            86.64572301485434
        ],
        [
            6.767414965378715,
            84.3294635680265
        ],
        [
            18.515140493493053,
            46.101812924970275
        ],
        [
            22.777273273518784,
            56.55840923430573
        ],
        [
            44.28372357349154,
            9.521601231446786
        ],
        [
            1.8386392662536388,
            68.0058423078637
        ],
        [
            47.54956578531281,
            84.69256414608142
        ],
        [
            48.21978374147279,
            57.32711680590546
        ],
        [
            40.57788744876807,
            98.74308511527154
        ],
        [
            0.3133740371301541,
            26.595309748419048
        ],
        [
            86.11702818845728,
            28.87070463869408
        ],
        [
            66.57644446951115,
            7.420278088101584
        ],
        [
            80.01346609036163,
            55.21673753420131
        ],
        [
            68.1571803607808,
            5.8041356456522415
        ],
        [
            33.24991753511425,
            90.73899308504926
        ],
        [
            69.86826837901347,
            55.99882865888247
        ],
        [
            93.77487249948425,
            4.300637201099455
        ],
        [
            10.579472604442309,
            57.28939973577274
        ],
        [
            75.06000332918025,
            45.64292626865418
        ],
        [
            64.65745604569855,
            7.68767413855973
        ],
        [
            79.1707024045318,
            78.28495193036771
        ],
        [
            97.6609137731182,
            22.35128454497649
        ],
        [
            4.619982493409546,
            7.303154829475378
        ],
        [
            87.96070163399527,
            65.05322133514296
        ],
        [
            41.384885993548984,
            69.1526539532887
        ],
        [
            26.79571665700645,
            10.659141390014359
        ]
    ]
}